Connecting to jdbc:hive2://
Hive Session ID = 0da78090-5986-4fe0-ba76-f6889a285ca5
26/09/11 04:44:32 [main]: WARN session.SessionState: METASTORE_FILTER_HOOK will be ignored, since hive.security.authorization.manager is set to instance of HiveAuthorizerFactory.
26/09/11 04:44:34 [main]: WARN metastore.ObjectStore: datanucleus.autoStartMechanismMode is set to unsupported value null . Setting it to value: ignored
26/09/11 04:44:35 [main]: WARN DataNucleus.MetaData: Metadata has jdbc-type of null yet this is not valid. Ignored
26/09/11 04:44:35 [main]: WARN DataNucleus.MetaData: Metadata has jdbc-type of null yet this is not valid. Ignored
26/09/11 04:44:35 [main]: WARN DataNucleus.MetaData: Metadata has jdbc-type of null yet this is not valid. Ignored
26/09/11 04:44:35 [main]: WARN DataNucleus.MetaData: Metadata has jdbc-type of null yet this is not valid. Ignored
26/09/11 04:44:35 [main]: WARN DataNucleus.MetaData: Metadata has jdbc-type of null yet this is not valid. Ignored
26/09/11 04:44:35 [main]: WARN DataNucleus.MetaData: Metadata has jdbc-type of null yet this is not valid. Ignored
26/09/11 04:44:37 [main]: WARN DataNucleus.MetaData: Metadata has jdbc-type of null yet this is not valid. Ignored
26/09/11 04:44:37 [main]: WARN DataNucleus.MetaData: Metadata has jdbc-type of null yet this is not valid. Ignored
26/09/11 04:44:37 [main]: WARN DataNucleus.MetaData: Metadata has jdbc-type of null yet this is not valid. Ignored
26/09/11 04:44:37 [main]: WARN DataNucleus.MetaData: Metadata has jdbc-type of null yet this is not valid. Ignored
26/09/11 04:44:37 [main]: WARN DataNucleus.MetaData: Metadata has jdbc-type of null yet this is not valid. Ignored
26/09/11 04:44:37 [main]: WARN DataNucleus.MetaData: Metadata has jdbc-type of null yet this is not valid. Ignored
Connected to: Apache Hive (version 3.1.2)
Driver: Hive JDBC (version 3.1.2)
Transaction isolation: TRANSACTION_REPEATABLE_READ
0: jdbc:hive2://> -- Create database if not exists
0: jdbc:hive2://> CREATE DATABASE IF NOT EXISTS ecommerce_dw;
26/09/11 04:44:41 [HiveServer2-Background-Pool: Thread-29]: ERROR metastore.RetryingHMSHandler: AlreadyExistsException(message:Database ecommerce_dw already exists)
	at org.apache.hadoop.hive.metastore.HiveMetaStore$HMSHandler.create_database(HiveMetaStore.java:1311)
	at sun.reflect.NativeMethodAccessorImpl.invoke0(Native Method)
	at sun.reflect.NativeMethodAccessorImpl.invoke(NativeMethodAccessorImpl.java:62)
	at sun.reflect.DelegatingMethodAccessorImpl.invoke(DelegatingMethodAccessorImpl.java:43)
	at java.lang.reflect.Method.invoke(Method.java:498)
	at org.apache.hadoop.hive.metastore.RetryingHMSHandler.invokeInternal(RetryingHMSHandler.java:147)
	at org.apache.hadoop.hive.metastore.RetryingHMSHandler.invoke(RetryingHMSHandler.java:108)
	at com.sun.proxy.$Proxy38.create_database(Unknown Source)
	at org.apache.hadoop.hive.metastore.HiveMetaStoreClient.createDatabase(HiveMetaStoreClient.java:809)
	at sun.reflect.NativeMethodAccessorImpl.invoke0(Native Method)
	at sun.reflect.NativeMethodAccessorImpl.invoke(NativeMethodAccessorImpl.java:62)
	at sun.reflect.DelegatingMethodAccessorImpl.invoke(DelegatingMethodAccessorImpl.java:43)
	at java.lang.reflect.Method.invoke(Method.java:498)
	at org.apache.hadoop.hive.metastore.RetryingMetaStoreClient.invoke(RetryingMetaStoreClient.java:212)
	at com.sun.proxy.$Proxy39.createDatabase(Unknown Source)
	at org.apache.hadoop.hive.ql.metadata.Hive.createDatabase(Hive.java:477)
	at org.apache.hadoop.hive.ql.exec.DDLTask.createDatabase(DDLTask.java:4828)
	at org.apache.hadoop.hive.ql.exec.DDLTask.execute(DDLTask.java:393)
	at org.apache.hadoop.hive.ql.exec.Task.executeTask(Task.java:205)
	at org.apache.hadoop.hive.ql.exec.TaskRunner.runSequential(TaskRunner.java:97)
	at org.apache.hadoop.hive.ql.Driver.launchTask(Driver.java:2664)
	at org.apache.hadoop.hive.ql.Driver.execute(Driver.java:2335)
	at org.apache.hadoop.hive.ql.Driver.runInternal(Driver.java:2011)
	at org.apache.hadoop.hive.ql.Driver.run(Driver.java:1709)
	at org.apache.hadoop.hive.ql.Driver.run(Driver.java:1703)
	at org.apache.hadoop.hive.ql.reexec.ReExecDriver.run(ReExecDriver.java:157)
	at org.apache.hive.service.cli.operation.SQLOperation.runQuery(SQLOperation.java:224)
	at org.apache.hive.service.cli.operation.SQLOperation.access$700(SQLOperation.java:87)
	at org.apache.hive.service.cli.operation.SQLOperation$BackgroundWork$1.run(SQLOperation.java:316)
	at java.security.AccessController.doPrivileged(Native Method)
	at javax.security.auth.Subject.doAs(Subject.java:422)
	at org.apache.hadoop.security.UserGroupInformation.doAs(UserGroupInformation.java:1878)
	at org.apache.hive.service.cli.operation.SQLOperation$BackgroundWork.run(SQLOperation.java:329)
	at java.util.concurrent.Executors$RunnableAdapter.call(Executors.java:511)
	at java.util.concurrent.FutureTask.run(FutureTask.java:266)
	at java.util.concurrent.ThreadPoolExecutor.runWorker(ThreadPoolExecutor.java:1149)
	at java.util.concurrent.ThreadPoolExecutor$Worker.run(ThreadPoolExecutor.java:624)
	at java.lang.Thread.run(Thread.java:748)

OK
No rows affected (1.327 seconds)
0: jdbc:hive2://> 
0: jdbc:hive2://> USE ecommerce_dw;
OK
No rows affected (0.064 seconds)
0: jdbc:hive2://> 
0: jdbc:hive2://> -- External table mapped to HDFS Parquet location
0: jdbc:hive2://> CREATE EXTERNAL TABLE IF NOT EXISTS streaming_orders (
. . . . . . . . >     order_id       INT,
. . . . . . . . >     customer_id    INT,
. . . . . . . . >     product_id     INT,
. . . . . . . . >     quantity       INT,
. . . . . . . . >     price          DOUBLE,
. . . . . . . . >     total_amount   DOUBLE,
. . . . . . . . >     order_timestamp TIMESTAMP
. . . . . . . . > )
. . . . . . . . > STORED AS PARQUET
. . . . . . . . > LOCATION '/user/hive/warehouse/ecommerce_dw.db/streaming_orders';
OK
No rows affected (0.315 seconds)
0: jdbc:hive2://> 
0: jdbc:hive2://> -- =========================================
0: jdbc:hive2://> -- Analytical OLAP Queries
0: jdbc:hive2://> -- =========================================
0: jdbc:hive2://> 
0: jdbc:hive2://> -- 1. Total number of processed orders
0: jdbc:hive2://> SELECT COUNT(*) AS total_orders
. . . . . . . . > FROM streaming_orders;
26/09/11 04:44:43 [HiveServer2-Background-Pool: Thread-37]: WARN ql.Driver: Hive-on-MR is deprecated in Hive 2 and may not be available in the future versions. Consider using a different execution engine (i.e. spark, tez) or using Hive 1.X releases.
Query ID = student_20260911044441_2d381fa9-4cf7-40a3-8266-b8a4266b44c4
Total jobs = 1
Launching Job 1 out of 1
Number of reduce tasks determined at compile time: 1
In order to change the average load for a reducer (in bytes):
  set hive.exec.reducers.bytes.per.reducer=<number>
In order to limit the maximum number of reducers:
  set hive.exec.reducers.max=<number>
In order to set a constant number of reducers:
  set mapreduce.job.reduces=<number>
WARN  : Hive-on-MR is deprecated in Hive 2 and may not be available in the future versions. Consider using a different execution engine (i.e. spark, tez) or using Hive 1.X releases.
26/09/11 04:44:45 [HiveServer2-Background-Pool: Thread-37]: WARN mapreduce.JobResourceUploader: Hadoop command-line option parsing not performed. Implement the Tool interface and execute your application with ToolRunner to remedy this.
Starting Job = job_1789047559935_0011, Tracking URL = http://10.0.2.15:8088/proxy/application_1789047559935_0011/
Kill Command = /home/hadoop/hadoop/bin/mapred job  -kill job_1789047559935_0011
Interrupting... Please be patient this may take some time.
26/09/11 04:49:02 [b19decaa-5837-451e-a640-2866b8bc56bc SIGINT handler]: WARN ql.Driver: Shutting down task : Stage-1:MAPRED
Hadoop job information for Stage-1: number of mappers: 0; number of reducers: 0
26/09/11 04:49:02 [HiveServer2-Background-Pool: Thread-37]: WARN mapreduce.Counters: Group org.apache.hadoop.mapred.Task$Counter is deprecated. Use org.apache.hadoop.mapreduce.TaskCounter instead
2026-09-11 04:49:02,759 Stage-1 map = 0%,  reduce = 0%
26/09/11 04:49:02 [HiveServer2-Background-Pool: Thread-37]: WARN mapreduce.Counters: Group org.apache.hadoop.mapred.Task$Counter is deprecated. Use org.apache.hadoop.mapreduce.TaskCounter instead
Ended Job = job_1789047559935_0011 with errors
26/09/11 04:49:02 [HiveServer2-Background-Pool: Thread-37]: ERROR exec.Task: Ended Job = job_1789047559935_0011 with errors
Error during job, obtaining debugging information...
26/09/11 04:49:02 [Thread-36]: ERROR exec.Task: Error during job, obtaining debugging information...
FAILED: command has been interrupted: during query execution: 
null
26/09/11 04:49:02 [HiveServer2-Background-Pool: Thread-37]: ERROR ql.Driver: FAILED: command has been interrupted: during query execution: 
null
MapReduce Jobs Launched: 
26/09/11 04:49:02 [HiveServer2-Background-Pool: Thread-37]: WARN mapreduce.Counters: Group FileSystemCounters is deprecated. Use org.apache.hadoop.mapreduce.FileSystemCounter instead
Stage-Stage-1:  HDFS Read: 0 HDFS Write: 0 FAIL
Total MapReduce CPU Time Spent: 0 msec
26/09/11 04:49:02 [HiveServer2-Background-Pool: Thread-37]: WARN operation.Operation: Ignore exception in terminal state
java.lang.NullPointerException: null
	at org.apache.hadoop.hive.ql.Driver.getPlanMapper(Driver.java:324) ~[hive-exec-3.1.2.jar:3.1.2]
	at org.apache.hadoop.hive.ql.reexec.ReExecDriver.run(ReExecDriver.java:159) ~[hive-exec-3.1.2.jar:3.1.2]
	at org.apache.hive.service.cli.operation.SQLOperation.runQuery(SQLOperation.java:224) [hive-service-3.1.2.jar:3.1.2]
	at org.apache.hive.service.cli.operation.SQLOperation.access$700(SQLOperation.java:87) [hive-service-3.1.2.jar:3.1.2]
	at org.apache.hive.service.cli.operation.SQLOperation$BackgroundWork$1.run(SQLOperation.java:316) [hive-service-3.1.2.jar:3.1.2]
	at java.security.AccessController.doPrivileged(Native Method) [?:1.8.0_291]
	at javax.security.auth.Subject.doAs(Subject.java:422) [?:1.8.0_291]
	at org.apache.hadoop.security.UserGroupInformation.doAs(UserGroupInformation.java:1878) [hadoop-common-3.3.1.jar:?]
	at org.apache.hive.service.cli.operation.SQLOperation$BackgroundWork.run(SQLOperation.java:329) [hive-service-3.1.2.jar:3.1.2]
	at java.util.concurrent.Executors$RunnableAdapter.call(Executors.java:511) [?:1.8.0_291]
	at java.util.concurrent.FutureTask.run(FutureTask.java:266) [?:1.8.0_291]
	at java.util.concurrent.ThreadPoolExecutor.runWorker(ThreadPoolExecutor.java:1149) [?:1.8.0_291]
	at java.util.concurrent.ThreadPoolExecutor$Worker.run(ThreadPoolExecutor.java:624) [?:1.8.0_291]
	at java.lang.Thread.run(Thread.java:748) [?:1.8.0_291]
Error: Query was cancelled (state=01000,code=0)
Closing: 0: jdbc:hive2://
26/09/11 04:49:02 [shutdown-hook-0]: WARN util.ShutdownHookManager: Shutdown in progress, cannot cancel a deleteOnExit
26/09/11 04:49:02 [shutdown-hook-0]: WARN util.ShutdownHookManager: Shutdown in progress, cannot cancel a deleteOnExit
Connecting to jdbc:hive2://
Hive Session ID = 90e6cbf9-0882-476f-92fb-c0aeb0dd9467
Error applying authorization policy on hive configuration: org.apache.hadoop.hdfs.server.namenode.SafeModeException: Cannot create directory /tmp/student/90e6cbf9-0882-476f-92fb-c0aeb0dd9467. Name node is in safe mode.
The reported blocks 0 needs additional 1760 blocks to reach the threshold 0.9990 of total blocks 1762.
The minimum number of live datanodes is not required. Safe mode will be turned off automatically once the thresholds have been reached. NamenodeHostName:localhost
	at org.apache.hadoop.hdfs.server.namenode.FSNamesystem.newSafemodeException(FSNamesystem.java:1570)
	at org.apache.hadoop.hdfs.server.namenode.FSNamesystem.checkNameNodeSafeMode(FSNamesystem.java:1557)
	at org.apache.hadoop.hdfs.server.namenode.FSNamesystem.mkdirs(FSNamesystem.java:3409)
	at org.apache.hadoop.hdfs.server.namenode.NameNodeRpcServer.mkdirs(NameNodeRpcServer.java:1170)
	at org.apache.hadoop.hdfs.protocolPB.ClientNamenodeProtocolServerSideTranslatorPB.mkdirs(ClientNamenodeProtocolServerSideTranslatorPB.java:740)
	at org.apache.hadoop.hdfs.protocol.proto.ClientNamenodeProtocolProtos$ClientNamenodeProtocol$2.callBlockingMethod(ClientNamenodeProtocolProtos.java)
	at org.apache.hadoop.ipc.ProtobufRpcEngine2$Server$ProtoBufRpcInvoker.call(ProtobufRpcEngine2.java:600)
	at org.apache.hadoop.ipc.ProtobufRpcEngine2$Server$ProtoBufRpcInvoker.call(ProtobufRpcEngine2.java:568)
	at org.apache.hadoop.ipc.ProtobufRpcEngine2$Server$ProtoBufRpcInvoker.call(ProtobufRpcEngine2.java:552)
	at org.apache.hadoop.ipc.RPC$Server.call(RPC.java:1093)
	at org.apache.hadoop.ipc.Server$RpcCall.run(Server.java:1035)
	at org.apache.hadoop.ipc.Server$RpcCall.run(Server.java:963)
	at java.security.AccessController.doPrivileged(Native Method)
	at javax.security.auth.Subject.doAs(Subject.java:422)
	at org.apache.hadoop.security.UserGroupInformation.doAs(UserGroupInformation.java:1878)
	at org.apache.hadoop.ipc.Server$Handler.run(Server.java:2966)

Connection is already closed.
Connecting to jdbc:hive2://
Hive Session ID = 37fc9358-5f74-43c0-a312-8074a3655a22
26/09/11 05:14:57 [main]: WARN session.SessionState: METASTORE_FILTER_HOOK will be ignored, since hive.security.authorization.manager is set to instance of HiveAuthorizerFactory.
26/09/11 05:14:58 [main]: WARN metastore.ObjectStore: datanucleus.autoStartMechanismMode is set to unsupported value null . Setting it to value: ignored
26/09/11 05:14:59 [main]: WARN DataNucleus.MetaData: Metadata has jdbc-type of null yet this is not valid. Ignored
26/09/11 05:14:59 [main]: WARN DataNucleus.MetaData: Metadata has jdbc-type of null yet this is not valid. Ignored
26/09/11 05:14:59 [main]: WARN DataNucleus.MetaData: Metadata has jdbc-type of null yet this is not valid. Ignored
26/09/11 05:14:59 [main]: WARN DataNucleus.MetaData: Metadata has jdbc-type of null yet this is not valid. Ignored
26/09/11 05:14:59 [main]: WARN DataNucleus.MetaData: Metadata has jdbc-type of null yet this is not valid. Ignored
26/09/11 05:14:59 [main]: WARN DataNucleus.MetaData: Metadata has jdbc-type of null yet this is not valid. Ignored
26/09/11 05:15:01 [main]: WARN DataNucleus.MetaData: Metadata has jdbc-type of null yet this is not valid. Ignored
26/09/11 05:15:01 [main]: WARN DataNucleus.MetaData: Metadata has jdbc-type of null yet this is not valid. Ignored
26/09/11 05:15:01 [main]: WARN DataNucleus.MetaData: Metadata has jdbc-type of null yet this is not valid. Ignored
26/09/11 05:15:01 [main]: WARN DataNucleus.MetaData: Metadata has jdbc-type of null yet this is not valid. Ignored
26/09/11 05:15:01 [main]: WARN DataNucleus.MetaData: Metadata has jdbc-type of null yet this is not valid. Ignored
26/09/11 05:15:01 [main]: WARN DataNucleus.MetaData: Metadata has jdbc-type of null yet this is not valid. Ignored
Connected to: Apache Hive (version 3.1.2)
Driver: Hive JDBC (version 3.1.2)
Transaction isolation: TRANSACTION_REPEATABLE_READ
0: jdbc:hive2://> -- Create database if not exists
0: jdbc:hive2://> CREATE DATABASE IF NOT EXISTS ecommerce_dw;
26/09/11 05:15:04 [HiveServer2-Background-Pool: Thread-29]: ERROR metastore.RetryingHMSHandler: AlreadyExistsException(message:Database ecommerce_dw already exists)
	at org.apache.hadoop.hive.metastore.HiveMetaStore$HMSHandler.create_database(HiveMetaStore.java:1311)
	at sun.reflect.NativeMethodAccessorImpl.invoke0(Native Method)
	at sun.reflect.NativeMethodAccessorImpl.invoke(NativeMethodAccessorImpl.java:62)
	at sun.reflect.DelegatingMethodAccessorImpl.invoke(DelegatingMethodAccessorImpl.java:43)
	at java.lang.reflect.Method.invoke(Method.java:498)
	at org.apache.hadoop.hive.metastore.RetryingHMSHandler.invokeInternal(RetryingHMSHandler.java:147)
	at org.apache.hadoop.hive.metastore.RetryingHMSHandler.invoke(RetryingHMSHandler.java:108)
	at com.sun.proxy.$Proxy38.create_database(Unknown Source)
	at org.apache.hadoop.hive.metastore.HiveMetaStoreClient.createDatabase(HiveMetaStoreClient.java:809)
	at sun.reflect.NativeMethodAccessorImpl.invoke0(Native Method)
	at sun.reflect.NativeMethodAccessorImpl.invoke(NativeMethodAccessorImpl.java:62)
	at sun.reflect.DelegatingMethodAccessorImpl.invoke(DelegatingMethodAccessorImpl.java:43)
	at java.lang.reflect.Method.invoke(Method.java:498)
	at org.apache.hadoop.hive.metastore.RetryingMetaStoreClient.invoke(RetryingMetaStoreClient.java:212)
	at com.sun.proxy.$Proxy39.createDatabase(Unknown Source)
	at org.apache.hadoop.hive.ql.metadata.Hive.createDatabase(Hive.java:477)
	at org.apache.hadoop.hive.ql.exec.DDLTask.createDatabase(DDLTask.java:4828)
	at org.apache.hadoop.hive.ql.exec.DDLTask.execute(DDLTask.java:393)
	at org.apache.hadoop.hive.ql.exec.Task.executeTask(Task.java:205)
	at org.apache.hadoop.hive.ql.exec.TaskRunner.runSequential(TaskRunner.java:97)
	at org.apache.hadoop.hive.ql.Driver.launchTask(Driver.java:2664)
	at org.apache.hadoop.hive.ql.Driver.execute(Driver.java:2335)
	at org.apache.hadoop.hive.ql.Driver.runInternal(Driver.java:2011)
	at org.apache.hadoop.hive.ql.Driver.run(Driver.java:1709)
	at org.apache.hadoop.hive.ql.Driver.run(Driver.java:1703)
	at org.apache.hadoop.hive.ql.reexec.ReExecDriver.run(ReExecDriver.java:157)
	at org.apache.hive.service.cli.operation.SQLOperation.runQuery(SQLOperation.java:224)
	at org.apache.hive.service.cli.operation.SQLOperation.access$700(SQLOperation.java:87)
	at org.apache.hive.service.cli.operation.SQLOperation$BackgroundWork$1.run(SQLOperation.java:316)
	at java.security.AccessController.doPrivileged(Native Method)
	at javax.security.auth.Subject.doAs(Subject.java:422)
	at org.apache.hadoop.security.UserGroupInformation.doAs(UserGroupInformation.java:1878)
	at org.apache.hive.service.cli.operation.SQLOperation$BackgroundWork.run(SQLOperation.java:329)
	at java.util.concurrent.Executors$RunnableAdapter.call(Executors.java:511)
	at java.util.concurrent.FutureTask.run(FutureTask.java:266)
	at java.util.concurrent.ThreadPoolExecutor.runWorker(ThreadPoolExecutor.java:1149)
	at java.util.concurrent.ThreadPoolExecutor$Worker.run(ThreadPoolExecutor.java:624)
	at java.lang.Thread.run(Thread.java:748)

OK
No rows affected (1.056 seconds)
0: jdbc:hive2://> 
0: jdbc:hive2://> USE ecommerce_dw;
OK
No rows affected (0.053 seconds)
0: jdbc:hive2://> 
0: jdbc:hive2://> -- External table mapped to HDFS Parquet location
0: jdbc:hive2://> CREATE EXTERNAL TABLE IF NOT EXISTS streaming_orders (
. . . . . . . . >     order_id       INT,
. . . . . . . . >     customer_id    INT,
. . . . . . . . >     product_id     INT,
. . . . . . . . >     quantity       INT,
. . . . . . . . >     price          DOUBLE,
. . . . . . . . >     total_amount   DOUBLE,
. . . . . . . . >     order_timestamp TIMESTAMP
. . . . . . . . > )
. . . . . . . . > STORED AS PARQUET
. . . . . . . . > LOCATION '/user/hive/warehouse/ecommerce_dw.db/streaming_orders';
OK
No rows affected (0.21 seconds)
0: jdbc:hive2://> 
0: jdbc:hive2://> -- =========================================
0: jdbc:hive2://> -- Analytical OLAP Queries
0: jdbc:hive2://> -- =========================================
0: jdbc:hive2://> 
0: jdbc:hive2://> -- 1. Total number of processed orders
0: jdbc:hive2://> SELECT COUNT(*) AS total_orders
. . . . . . . . > FROM streaming_orders;
26/09/11 05:15:07 [HiveServer2-Background-Pool: Thread-37]: WARN ql.Driver: Hive-on-MR is deprecated in Hive 2 and may not be available in the future versions. Consider using a different execution engine (i.e. spark, tez) or using Hive 1.X releases.
Query ID = student_20260911051505_74d9e628-3e8e-47a1-891b-4f43dc363b9f
Total jobs = 1
Launching Job 1 out of 1
Number of reduce tasks determined at compile time: 1
In order to change the average load for a reducer (in bytes):
  set hive.exec.reducers.bytes.per.reducer=<number>
In order to limit the maximum number of reducers:
  set hive.exec.reducers.max=<number>
In order to set a constant number of reducers:
  set mapreduce.job.reduces=<number>
WARN  : Hive-on-MR is deprecated in Hive 2 and may not be available in the future versions. Consider using a different execution engine (i.e. spark, tez) or using Hive 1.X releases.
Interrupting... Please be patient this may take some time.
26/09/11 05:18:00 [55a0a72a-c984-4056-b63c-4f584b0bc0e0 SIGINT handler]: WARN ql.Driver: Shutting down task : Stage-1:MAPRED
Interrupting... Please be patient this may take some time.
java.io.InterruptedIOException: Retry interrupted
	at org.apache.hadoop.io.retry.RetryInvocationHandler$Call.processWaitTimeAndRetryInfo(RetryInvocationHandler.java:136)
	at org.apache.hadoop.io.retry.RetryInvocationHandler$Call.invokeOnce(RetryInvocationHandler.java:107)
	at org.apache.hadoop.io.retry.RetryInvocationHandler.invoke(RetryInvocationHandler.java:359)
	at com.sun.proxy.$Proxy83.getNewApplication(Unknown Source)
	at org.apache.hadoop.yarn.client.api.impl.YarnClientImpl.getNewApplication(YarnClientImpl.java:284)
	at org.apache.hadoop.yarn.client.api.impl.YarnClientImpl.createApplication(YarnClientImpl.java:292)
	at org.apache.hadoop.mapred.ResourceMgrDelegate.getNewJobID(ResourceMgrDelegate.java:201)
	at org.apache.hadoop.mapred.YARNRunner.getNewJobID(YARNRunner.java:272)
	at org.apache.hadoop.mapreduce.JobSubmitter.submitJobInternal(JobSubmitter.java:157)
	at org.apache.hadoop.mapreduce.Job$11.run(Job.java:1571)
	at org.apache.hadoop.mapreduce.Job$11.run(Job.java:1568)
	at java.security.AccessController.doPrivileged(Native Method)
	at javax.security.auth.Subject.doAs(Subject.java:422)
	at org.apache.hadoop.security.UserGroupInformation.doAs(UserGroupInformation.java:1878)
	at org.apache.hadoop.mapreduce.Job.submit(Job.java:1568)
	at org.apache.hadoop.mapred.JobClient$1.run(JobClient.java:576)
	at org.apache.hadoop.mapred.JobClient$1.run(JobClient.java:571)
	at java.security.AccessController.doPrivileged(Native Method)
	at javax.security.auth.Subject.doAs(Subject.java:422)
	at org.apache.hadoop.security.UserGroupInformation.doAs(UserGroupInformation.java:1878)
	at org.apache.hadoop.mapred.JobClient.submitJobInternal(JobClient.java:571)
	at org.apache.hadoop.mapred.JobClient.submitJob(JobClient.java:562)
	at org.apache.hadoop.hive.ql.exec.mr.ExecDriver.execute(ExecDriver.java:423)
	at org.apache.hadoop.hive.ql.exec.mr.MapRedTask.execute(MapRedTask.java:149)
	at org.apache.hadoop.hive.ql.exec.Task.executeTask(Task.java:205)
	at org.apache.hadoop.hive.ql.exec.TaskRunner.runSequential(TaskRunner.java:97)
	at org.apache.hadoop.hive.ql.Driver.launchTask(Driver.java:2664)
	at org.apache.hadoop.hive.ql.Driver.execute(Driver.java:2335)
	at org.apache.hadoop.hive.ql.Driver.runInternal(Driver.java:2011)
	at org.apache.hadoop.hive.ql.Driver.run(Driver.java:1709)
	at org.apache.hadoop.hive.ql.Driver.run(Driver.java:1703)
	at org.apache.hadoop.hive.ql.reexec.ReExecDriver.run(ReExecDriver.java:157)
	at org.apache.hive.service.cli.operation.SQLOperation.runQuery(SQLOperation.java:224)
	at org.apache.hive.service.cli.operation.SQLOperation.access$700(SQLOperation.java:87)
	at org.apache.hive.service.cli.operation.SQLOperation$BackgroundWork$1.run(SQLOperation.java:316)
	at java.security.AccessController.doPrivileged(Native Method)
	at javax.security.auth.Subject.doAs(Subject.java:422)
	at org.apache.hadoop.security.UserGroupInformation.doAs(UserGroupInformation.java:1878)
	at org.apache.hive.service.cli.operation.SQLOperation$BackgroundWork.run(SQLOperation.java:329)
	at java.util.concurrent.Executors$RunnableAdapter.call(Executors.java:511)
	at java.util.concurrent.FutureTask.run(FutureTask.java:266)
	at java.util.concurrent.ThreadPoolExecutor.runWorker(ThreadPoolExecutor.java:1149)
	at java.util.concurrent.ThreadPoolExecutor$Worker.run(ThreadPoolExecutor.java:624)
	at java.lang.Thread.run(Thread.java:748)
Caused by: java.lang.InterruptedException: sleep interrupted
	at java.lang.Thread.sleep(Native Method)
	at org.apache.hadoop.io.retry.RetryInvocationHandler$Call.processWaitTimeAndRetryInfo(RetryInvocationHandler.java:130)
	... 43 more
Error: Query was cancelled (state=01000,code=0)
Job Submission failed with exception 'java.io.InterruptedIOException(Retry interrupted)'
26/09/11 05:18:05 [HiveServer2-Background-Pool: Thread-37]: ERROR exec.Task: Job Submission failed with exception 'java.io.InterruptedIOException(Retry interrupted)'
java.io.InterruptedIOException: Retry interrupted
	at org.apache.hadoop.io.retry.RetryInvocationHandler$Call.processWaitTimeAndRetryInfo(RetryInvocationHandler.java:136)
	at org.apache.hadoop.io.retry.RetryInvocationHandler$Call.invokeOnce(RetryInvocationHandler.java:107)
	at org.apache.hadoop.io.retry.RetryInvocationHandler.invoke(RetryInvocationHandler.java:359)
	at com.sun.proxy.$Proxy83.getNewApplication(Unknown Source)
	at org.apache.hadoop.yarn.client.api.impl.YarnClientImpl.getNewApplication(YarnClientImpl.java:284)
	at org.apache.hadoop.yarn.client.api.impl.YarnClientImpl.createApplication(YarnClientImpl.java:292)
	at org.apache.hadoop.mapred.ResourceMgrDelegate.getNewJobID(ResourceMgrDelegate.java:201)
	at org.apache.hadoop.mapred.YARNRunner.getNewJobID(YARNRunner.java:272)
	at org.apache.hadoop.mapreduce.JobSubmitter.submitJobInternal(JobSubmitter.java:157)
	at org.apache.hadoop.mapreduce.Job$11.run(Job.java:1571)
	at org.apache.hadoop.mapreduce.Job$11.run(Job.java:1568)
	at java.security.AccessController.doPrivileged(Native Method)
	at javax.security.auth.Subject.doAs(Subject.java:422)
	at org.apache.hadoop.security.UserGroupInformation.doAs(UserGroupInformation.java:1878)
	at org.apache.hadoop.mapreduce.Job.submit(Job.java:1568)
	at org.apache.hadoop.mapred.JobClient$1.run(JobClient.java:576)
	at org.apache.hadoop.mapred.JobClient$1.run(JobClient.java:571)
	at java.security.AccessController.doPrivileged(Native Method)
	at javax.security.auth.Subject.doAs(Subject.java:422)
	at org.apache.hadoop.security.UserGroupInformation.doAs(UserGroupInformation.java:1878)
	at org.apache.hadoop.mapred.JobClient.submitJobInternal(JobClient.java:571)
	at org.apache.hadoop.mapred.JobClient.submitJob(JobClient.java:562)
	at org.apache.hadoop.hive.ql.exec.mr.ExecDriver.execute(ExecDriver.java:423)
	at org.apache.hadoop.hive.ql.exec.mr.MapRedTask.execute(MapRedTask.java:149)
	at org.apache.hadoop.hive.ql.exec.Task.executeTask(Task.java:205)
	at org.apache.hadoop.hive.ql.exec.TaskRunner.runSequential(TaskRunner.java:97)
	at org.apache.hadoop.hive.ql.Driver.launchTask(Driver.java:2664)
	at org.apache.hadoop.hive.ql.Driver.execute(Driver.java:2335)
	at org.apache.hadoop.hive.ql.Driver.runInternal(Driver.java:2011)
	at org.apache.hadoop.hive.ql.Driver.run(Driver.java:1709)
	at org.apache.hadoop.hive.ql.Driver.run(Driver.java:1703)
	at org.apache.hadoop.hive.ql.reexec.ReExecDriver.run(ReExecDriver.java:157)
	at org.apache.hive.service.cli.operation.SQLOperation.runQuery(SQLOperation.java:224)
	at org.apache.hive.service.cli.operation.SQLOperation.access$700(SQLOperation.java:87)
	at org.apache.hive.service.cli.operation.SQLOperation$BackgroundWork$1.run(SQLOperation.java:316)
	at java.security.AccessController.doPrivileged(Native Method)
	at javax.security.auth.Subject.doAs(Subject.java:422)
	at org.apache.hadoop.security.UserGroupInformation.doAs(UserGroupInformation.java:1878)
	at org.apache.hive.service.cli.operation.SQLOperation$BackgroundWork.run(SQLOperation.java:329)
	at java.util.concurrent.Executors$RunnableAdapter.call(Executors.java:511)
	at java.util.concurrent.FutureTask.run(FutureTask.java:266)
	at java.util.concurrent.ThreadPoolExecutor.runWorker(ThreadPoolExecutor.java:1149)
	at java.util.concurrent.ThreadPoolExecutor$Worker.run(ThreadPoolExecutor.java:624)
	at java.lang.Thread.run(Thread.java:748)
Caused by: java.lang.InterruptedException: sleep interrupted
	at java.lang.Thread.sleep(Native Method)
	at org.apache.hadoop.io.retry.RetryInvocationHandler$Call.processWaitTimeAndRetryInfo(RetryInvocationHandler.java:130)
	... 43 more

26/09/11 05:18:05 [HiveServer2-Background-Pool: Thread-37]: WARN exec.Utilities: Failed to clean-up tmp directories.
java.io.InterruptedIOException: Interrupted waiting to send RPC request to server
	at org.apache.hadoop.ipc.Client.call(Client.java:1474) ~[hadoop-common-3.3.1.jar:?]
	at org.apache.hadoop.ipc.Client.call(Client.java:1416) ~[hadoop-common-3.3.1.jar:?]
	at org.apache.hadoop.ipc.ProtobufRpcEngine2$Invoker.invoke(ProtobufRpcEngine2.java:242) ~[hadoop-common-3.3.1.jar:?]
	at org.apache.hadoop.ipc.ProtobufRpcEngine2$Invoker.invoke(ProtobufRpcEngine2.java:129) ~[hadoop-common-3.3.1.jar:?]
	at com.sun.proxy.$Proxy28.getFileInfo(Unknown Source) ~[?:?]
	at org.apache.hadoop.hdfs.protocolPB.ClientNamenodeProtocolTranslatorPB.getFileInfo(ClientNamenodeProtocolTranslatorPB.java:965) ~[hadoop-hdfs-client-3.3.1.jar:?]
	at sun.reflect.GeneratedMethodAccessor3.invoke(Unknown Source) ~[?:?]
	at sun.reflect.DelegatingMethodAccessorImpl.invoke(DelegatingMethodAccessorImpl.java:43) ~[?:1.8.0_291]
	at java.lang.reflect.Method.invoke(Method.java:498) ~[?:1.8.0_291]
	at org.apache.hadoop.io.retry.RetryInvocationHandler.invokeMethod(RetryInvocationHandler.java:422) ~[hadoop-common-3.3.1.jar:?]
	at org.apache.hadoop.io.retry.RetryInvocationHandler$Call.invokeMethod(RetryInvocationHandler.java:165) ~[hadoop-common-3.3.1.jar:?]
	at org.apache.hadoop.io.retry.RetryInvocationHandler$Call.invoke(RetryInvocationHandler.java:157) ~[hadoop-common-3.3.1.jar:?]
	at org.apache.hadoop.io.retry.RetryInvocationHandler$Call.invokeOnce(RetryInvocationHandler.java:95) ~[hadoop-common-3.3.1.jar:?]
	at org.apache.hadoop.io.retry.RetryInvocationHandler.invoke(RetryInvocationHandler.java:359) ~[hadoop-common-3.3.1.jar:?]
	at com.sun.proxy.$Proxy29.getFileInfo(Unknown Source) ~[?:?]
	at org.apache.hadoop.hdfs.DFSClient.getFileInfo(DFSClient.java:1731) ~[hadoop-hdfs-client-3.3.1.jar:?]
	at org.apache.hadoop.hdfs.DistributedFileSystem$29.doCall(DistributedFileSystem.java:1752) ~[hadoop-hdfs-client-3.3.1.jar:?]
	at org.apache.hadoop.hdfs.DistributedFileSystem$29.doCall(DistributedFileSystem.java:1749) ~[hadoop-hdfs-client-3.3.1.jar:?]
	at org.apache.hadoop.fs.FileSystemLinkResolver.resolve(FileSystemLinkResolver.java:81) ~[hadoop-common-3.3.1.jar:?]
	at org.apache.hadoop.hdfs.DistributedFileSystem.getFileStatus(DistributedFileSystem.java:1764) ~[hadoop-hdfs-client-3.3.1.jar:?]
	at org.apache.hadoop.fs.FileSystem.exists(FileSystem.java:1760) ~[hadoop-common-3.3.1.jar:?]
	at org.apache.hadoop.hive.ql.exec.Utilities.clearWork(Utilities.java:300) [hive-exec-3.1.2.jar:3.1.2]
	at org.apache.hadoop.hive.ql.exec.mr.ExecDriver.execute(ExecDriver.java:452) [hive-exec-3.1.2.jar:3.1.2]
	at org.apache.hadoop.hive.ql.exec.mr.MapRedTask.execute(MapRedTask.java:149) [hive-exec-3.1.2.jar:3.1.2]
	at org.apache.hadoop.hive.ql.exec.Task.executeTask(Task.java:205) [hive-exec-3.1.2.jar:3.1.2]
	at org.apache.hadoop.hive.ql.exec.TaskRunner.runSequential(TaskRunner.java:97) [hive-exec-3.1.2.jar:3.1.2]
	at org.apache.hadoop.hive.ql.Driver.launchTask(Driver.java:2664) [hive-exec-3.1.2.jar:3.1.2]
	at org.apache.hadoop.hive.ql.Driver.execute(Driver.java:2335) [hive-exec-3.1.2.jar:3.1.2]
	at org.apache.hadoop.hive.ql.Driver.runInternal(Driver.java:2011) [hive-exec-3.1.2.jar:3.1.2]
	at org.apache.hadoop.hive.ql.Driver.run(Driver.java:1709) [hive-exec-3.1.2.jar:3.1.2]
	at org.apache.hadoop.hive.ql.Driver.run(Driver.java:1703) [hive-exec-3.1.2.jar:3.1.2]
	at org.apache.hadoop.hive.ql.reexec.ReExecDriver.run(ReExecDriver.java:157) [hive-exec-3.1.2.jar:3.1.2]
	at org.apache.hive.service.cli.operation.SQLOperation.runQuery(SQLOperation.java:224) [hive-service-3.1.2.jar:3.1.2]
	at org.apache.hive.service.cli.operation.SQLOperation.access$700(SQLOperation.java:87) [hive-service-3.1.2.jar:3.1.2]
	at org.apache.hive.service.cli.operation.SQLOperation$BackgroundWork$1.run(SQLOperation.java:316) [hive-service-3.1.2.jar:3.1.2]
	at java.security.AccessController.doPrivileged(Native Method) [?:1.8.0_291]
	at javax.security.auth.Subject.doAs(Subject.java:422) [?:1.8.0_291]
	at org.apache.hadoop.security.UserGroupInformation.doAs(UserGroupInformation.java:1878) [hadoop-common-3.3.1.jar:?]
	at org.apache.hive.service.cli.operation.SQLOperation$BackgroundWork.run(SQLOperation.java:329) [hive-service-3.1.2.jar:3.1.2]
	at java.util.concurrent.Executors$RunnableAdapter.call(Executors.java:511) [?:1.8.0_291]
	at java.util.concurrent.FutureTask.run(FutureTask.java:266) [?:1.8.0_291]
	at java.util.concurrent.ThreadPoolExecutor.runWorker(ThreadPoolExecutor.java:1149) [?:1.8.0_291]
	at java.util.concurrent.ThreadPoolExecutor$Worker.run(ThreadPoolExecutor.java:624) [?:1.8.0_291]
	at java.lang.Thread.run(Thread.java:748) [?:1.8.0_291]
Caused by: java.lang.InterruptedException
	at java.util.concurrent.FutureTask.awaitDone(FutureTask.java:404) ~[?:1.8.0_291]
	at java.util.concurrent.FutureTask.get(FutureTask.java:191) ~[?:1.8.0_291]
	at org.apache.hadoop.ipc.Client$Connection.sendRpcRequest(Client.java:1177) ~[hadoop-common-3.3.1.jar:?]
	at org.apache.hadoop.ipc.Client.call(Client.java:1469) ~[hadoop-common-3.3.1.jar:?]
	... 43 more
FAILED: command has been interrupted: during query execution: 
null
26/09/11 05:18:05 [HiveServer2-Background-Pool: Thread-37]: ERROR ql.Driver: FAILED: command has been interrupted: during query execution: 
null
26/09/11 05:18:05 [HiveServer2-Background-Pool: Thread-37]: WARN operation.Operation: Ignore exception in terminal state
java.lang.IllegalStateException: Shutdown in progress, cannot remove a shutdownHook
	at org.apache.hadoop.util.ShutdownHookManager.removeShutdownHook(ShutdownHookManager.java:344) ~[hadoop-common-3.3.1.jar:?]
	at org.apache.hive.common.util.ShutdownHookManager.removeShutdownHook(ShutdownHookManager.java:90) ~[hive-common-3.1.2.jar:3.1.2]
	at org.apache.hadoop.hive.ql.Driver.closeInProcess(Driver.java:2873) ~[hive-exec-3.1.2.jar:3.1.2]
	at org.apache.hadoop.hive.ql.Driver.runInternal(Driver.java:2051) ~[hive-exec-3.1.2.jar:3.1.2]
	at org.apache.hadoop.hive.ql.Driver.run(Driver.java:1709) ~[hive-exec-3.1.2.jar:3.1.2]
	at org.apache.hadoop.hive.ql.Driver.run(Driver.java:1703) ~[hive-exec-3.1.2.jar:3.1.2]
	at org.apache.hadoop.hive.ql.reexec.ReExecDriver.run(ReExecDriver.java:157) ~[hive-exec-3.1.2.jar:3.1.2]
	at org.apache.hive.service.cli.operation.SQLOperation.runQuery(SQLOperation.java:224) [hive-service-3.1.2.jar:3.1.2]
	at org.apache.hive.service.cli.operation.SQLOperation.access$700(SQLOperation.java:87) [hive-service-3.1.2.jar:3.1.2]
	at org.apache.hive.service.cli.operation.SQLOperation$BackgroundWork$1.run(SQLOperation.java:316) [hive-service-3.1.2.jar:3.1.2]
	at java.security.AccessController.doPrivileged(Native Method) [?:1.8.0_291]
	at javax.security.auth.Subject.doAs(Subject.java:422) [?:1.8.0_291]
	at org.apache.hadoop.security.UserGroupInformation.doAs(UserGroupInformation.java:1878) [hadoop-common-3.3.1.jar:?]
	at org.apache.hive.service.cli.operation.SQLOperation$BackgroundWork.run(SQLOperation.java:329) [hive-service-3.1.2.jar:3.1.2]
	at java.util.concurrent.Executors$RunnableAdapter.call(Executors.java:511) [?:1.8.0_291]
	at java.util.concurrent.FutureTask.run(FutureTask.java:266) [?:1.8.0_291]
	at java.util.concurrent.ThreadPoolExecutor.runWorker(ThreadPoolExecutor.java:1149) [?:1.8.0_291]
	at java.util.concurrent.ThreadPoolExecutor$Worker.run(ThreadPoolExecutor.java:624) [?:1.8.0_291]
	at java.lang.Thread.run(Thread.java:748) [?:1.8.0_291]
Closing: 0: jdbc:hive2://
26/09/11 05:18:05 [shutdown-hook-0]: WARN util.ShutdownHookManager: Shutdown in progress, cannot cancel a deleteOnExit
26/09/11 05:18:05 [shutdown-hook-0]: WARN util.ShutdownHookManager: Shutdown in progress, cannot cancel a deleteOnExit
Connecting to jdbc:hive2://
Hive Session ID = 491b77e0-02b2-416c-9e12-b12db51ad009
26/09/11 05:20:30 [main]: WARN session.SessionState: METASTORE_FILTER_HOOK will be ignored, since hive.security.authorization.manager is set to instance of HiveAuthorizerFactory.
26/09/11 05:20:32 [main]: WARN metastore.ObjectStore: datanucleus.autoStartMechanismMode is set to unsupported value null . Setting it to value: ignored
26/09/11 05:20:32 [main]: WARN DataNucleus.MetaData: Metadata has jdbc-type of null yet this is not valid. Ignored
26/09/11 05:20:32 [main]: WARN DataNucleus.MetaData: Metadata has jdbc-type of null yet this is not valid. Ignored
26/09/11 05:20:32 [main]: WARN DataNucleus.MetaData: Metadata has jdbc-type of null yet this is not valid. Ignored
26/09/11 05:20:32 [main]: WARN DataNucleus.MetaData: Metadata has jdbc-type of null yet this is not valid. Ignored
26/09/11 05:20:32 [main]: WARN DataNucleus.MetaData: Metadata has jdbc-type of null yet this is not valid. Ignored
26/09/11 05:20:32 [main]: WARN DataNucleus.MetaData: Metadata has jdbc-type of null yet this is not valid. Ignored
26/09/11 05:20:34 [main]: WARN DataNucleus.MetaData: Metadata has jdbc-type of null yet this is not valid. Ignored
26/09/11 05:20:34 [main]: WARN DataNucleus.MetaData: Metadata has jdbc-type of null yet this is not valid. Ignored
26/09/11 05:20:34 [main]: WARN DataNucleus.MetaData: Metadata has jdbc-type of null yet this is not valid. Ignored
26/09/11 05:20:34 [main]: WARN DataNucleus.MetaData: Metadata has jdbc-type of null yet this is not valid. Ignored
26/09/11 05:20:34 [main]: WARN DataNucleus.MetaData: Metadata has jdbc-type of null yet this is not valid. Ignored
26/09/11 05:20:34 [main]: WARN DataNucleus.MetaData: Metadata has jdbc-type of null yet this is not valid. Ignored
Connected to: Apache Hive (version 3.1.2)
Driver: Hive JDBC (version 3.1.2)
Transaction isolation: TRANSACTION_REPEATABLE_READ
0: jdbc:hive2://> -- Create database if not exists
0: jdbc:hive2://> CREATE DATABASE IF NOT EXISTS ecommerce_dw;
26/09/11 05:20:38 [HiveServer2-Background-Pool: Thread-29]: ERROR metastore.RetryingHMSHandler: AlreadyExistsException(message:Database ecommerce_dw already exists)
	at org.apache.hadoop.hive.metastore.HiveMetaStore$HMSHandler.create_database(HiveMetaStore.java:1311)
	at sun.reflect.NativeMethodAccessorImpl.invoke0(Native Method)
	at sun.reflect.NativeMethodAccessorImpl.invoke(NativeMethodAccessorImpl.java:62)
	at sun.reflect.DelegatingMethodAccessorImpl.invoke(DelegatingMethodAccessorImpl.java:43)
	at java.lang.reflect.Method.invoke(Method.java:498)
	at org.apache.hadoop.hive.metastore.RetryingHMSHandler.invokeInternal(RetryingHMSHandler.java:147)
	at org.apache.hadoop.hive.metastore.RetryingHMSHandler.invoke(RetryingHMSHandler.java:108)
	at com.sun.proxy.$Proxy38.create_database(Unknown Source)
	at org.apache.hadoop.hive.metastore.HiveMetaStoreClient.createDatabase(HiveMetaStoreClient.java:809)
	at sun.reflect.NativeMethodAccessorImpl.invoke0(Native Method)
	at sun.reflect.NativeMethodAccessorImpl.invoke(NativeMethodAccessorImpl.java:62)
	at sun.reflect.DelegatingMethodAccessorImpl.invoke(DelegatingMethodAccessorImpl.java:43)
	at java.lang.reflect.Method.invoke(Method.java:498)
	at org.apache.hadoop.hive.metastore.RetryingMetaStoreClient.invoke(RetryingMetaStoreClient.java:212)
	at com.sun.proxy.$Proxy39.createDatabase(Unknown Source)
	at org.apache.hadoop.hive.ql.metadata.Hive.createDatabase(Hive.java:477)
	at org.apache.hadoop.hive.ql.exec.DDLTask.createDatabase(DDLTask.java:4828)
	at org.apache.hadoop.hive.ql.exec.DDLTask.execute(DDLTask.java:393)
	at org.apache.hadoop.hive.ql.exec.Task.executeTask(Task.java:205)
	at org.apache.hadoop.hive.ql.exec.TaskRunner.runSequential(TaskRunner.java:97)
	at org.apache.hadoop.hive.ql.Driver.launchTask(Driver.java:2664)
	at org.apache.hadoop.hive.ql.Driver.execute(Driver.java:2335)
	at org.apache.hadoop.hive.ql.Driver.runInternal(Driver.java:2011)
	at org.apache.hadoop.hive.ql.Driver.run(Driver.java:1709)
	at org.apache.hadoop.hive.ql.Driver.run(Driver.java:1703)
	at org.apache.hadoop.hive.ql.reexec.ReExecDriver.run(ReExecDriver.java:157)
	at org.apache.hive.service.cli.operation.SQLOperation.runQuery(SQLOperation.java:224)
	at org.apache.hive.service.cli.operation.SQLOperation.access$700(SQLOperation.java:87)
	at org.apache.hive.service.cli.operation.SQLOperation$BackgroundWork$1.run(SQLOperation.java:316)
	at java.security.AccessController.doPrivileged(Native Method)
	at javax.security.auth.Subject.doAs(Subject.java:422)
	at org.apache.hadoop.security.UserGroupInformation.doAs(UserGroupInformation.java:1878)
	at org.apache.hive.service.cli.operation.SQLOperation$BackgroundWork.run(SQLOperation.java:329)
	at java.util.concurrent.Executors$RunnableAdapter.call(Executors.java:511)
	at java.util.concurrent.FutureTask.run(FutureTask.java:266)
	at java.util.concurrent.ThreadPoolExecutor.runWorker(ThreadPoolExecutor.java:1149)
	at java.util.concurrent.ThreadPoolExecutor$Worker.run(ThreadPoolExecutor.java:624)
	at java.lang.Thread.run(Thread.java:748)

OK
No rows affected (1.099 seconds)
0: jdbc:hive2://> 
0: jdbc:hive2://> USE ecommerce_dw;
OK
No rows affected (0.068 seconds)
0: jdbc:hive2://> 
0: jdbc:hive2://> -- External table mapped to HDFS Parquet location
0: jdbc:hive2://> CREATE EXTERNAL TABLE IF NOT EXISTS streaming_orders (
. . . . . . . . >     order_id       INT,
. . . . . . . . >     customer_id    INT,
. . . . . . . . >     product_id     INT,
. . . . . . . . >     quantity       INT,
. . . . . . . . >     price          DOUBLE,
. . . . . . . . >     total_amount   DOUBLE,
. . . . . . . . >     order_timestamp TIMESTAMP
. . . . . . . . > )
. . . . . . . . > STORED AS PARQUET
. . . . . . . . > LOCATION '/user/hive/warehouse/ecommerce_dw.db/streaming_orders';
OK
No rows affected (0.388 seconds)
0: jdbc:hive2://> 
0: jdbc:hive2://> -- =========================================
0: jdbc:hive2://> -- Analytical OLAP Queries
0: jdbc:hive2://> -- =========================================
0: jdbc:hive2://> 
0: jdbc:hive2://> -- 1. Total number of processed orders
0: jdbc:hive2://> SELECT COUNT(*) AS total_orders
. . . . . . . . > FROM streaming_orders;
26/09/11 05:20:41 [HiveServer2-Background-Pool: Thread-37]: WARN ql.Driver: Hive-on-MR is deprecated in Hive 2 and may not be available in the future versions. Consider using a different execution engine (i.e. spark, tez) or using Hive 1.X releases.
Query ID = student_20260911052039_beb870f1-8315-4923-b449-478e7448739e
Total jobs = 1
Launching Job 1 out of 1
Number of reduce tasks determined at compile time: 1
In order to change the average load for a reducer (in bytes):
  set hive.exec.reducers.bytes.per.reducer=<number>
In order to limit the maximum number of reducers:
  set hive.exec.reducers.max=<number>
In order to set a constant number of reducers:
  set mapreduce.job.reduces=<number>
WARN  : Hive-on-MR is deprecated in Hive 2 and may not be available in the future versions. Consider using a different execution engine (i.e. spark, tez) or using Hive 1.X releases.
Interrupting... Please be patient this may take some time.
26/09/11 05:28:05 [3954875f-1f50-47f9-a258-ee6f9ff9a7e4 SIGINT handler]: WARN ql.Driver: Shutting down task : Stage-1:MAPRED
Interrupting... Please be patient this may take some time.
Error: Query was cancelled (state=01000,code=0)
Closing: 0: jdbc:hive2://
26/09/11 05:28:10 [shutdown-hook-0]: WARN util.ShutdownHookManager: Shutdown in progress, cannot cancel a deleteOnExit
26/09/11 05:28:10 [shutdown-hook-0]: WARN util.ShutdownHookManager: Shutdown in progress, cannot cancel a deleteOnExit
2026-09-11 05:38:50,487 INFO  [main] conf.HiveConf: Found configuration file file:/usr/local/hive/hive-3.1.2/conf/hive-site.xml
Hive Session ID = 77f80277-612b-4ae4-a0a5-9855d82be2bd
2026-09-11 05:38:51,933 INFO  [main] SessionState: Hive Session ID = 77f80277-612b-4ae4-a0a5-9855d82be2bd

Logging initialized using configuration in jar:file:/usr/local/hive/hive-3.1.2/lib/hive-common-3.1.2.jar!/hive-log4j2.properties Async: true
2026-09-11 05:38:51,985 INFO  [main] SessionState: 
Logging initialized using configuration in jar:file:/usr/local/hive/hive-3.1.2/lib/hive-common-3.1.2.jar!/hive-log4j2.properties Async: true
2026-09-11 05:38:53,711 INFO  [main] session.SessionState: Created HDFS directory: /tmp/student/77f80277-612b-4ae4-a0a5-9855d82be2bd
2026-09-11 05:38:53,732 INFO  [main] session.SessionState: Created local directory: /tmp/student/77f80277-612b-4ae4-a0a5-9855d82be2bd
2026-09-11 05:38:53,742 INFO  [main] session.SessionState: Created HDFS directory: /tmp/student/77f80277-612b-4ae4-a0a5-9855d82be2bd/_tmp_space.db
2026-09-11 05:38:53,755 INFO  [main] conf.HiveConf: Using the default value passed in for log id: 77f80277-612b-4ae4-a0a5-9855d82be2bd
2026-09-11 05:38:53,755 INFO  [main] session.SessionState: Updating thread name to 77f80277-612b-4ae4-a0a5-9855d82be2bd main
2026-09-11 05:38:55,178 INFO  [77f80277-612b-4ae4-a0a5-9855d82be2bd main] metastore.HiveMetaStore: 0: Opening raw store with implementation class:org.apache.hadoop.hive.metastore.ObjectStore
2026-09-11 05:38:55,222 WARN  [77f80277-612b-4ae4-a0a5-9855d82be2bd main] metastore.ObjectStore: datanucleus.autoStartMechanismMode is set to unsupported value null . Setting it to value: ignored
2026-09-11 05:38:55,233 INFO  [77f80277-612b-4ae4-a0a5-9855d82be2bd main] metastore.ObjectStore: ObjectStore, initialize called
2026-09-11 05:38:55,235 INFO  [77f80277-612b-4ae4-a0a5-9855d82be2bd main] conf.MetastoreConf: Found configuration file file:/usr/local/hive/hive-3.1.2/conf/hive-site.xml
2026-09-11 05:38:55,236 INFO  [77f80277-612b-4ae4-a0a5-9855d82be2bd main] conf.MetastoreConf: Unable to find config file hivemetastore-site.xml
2026-09-11 05:38:55,236 INFO  [77f80277-612b-4ae4-a0a5-9855d82be2bd main] conf.MetastoreConf: Found configuration file null
2026-09-11 05:38:55,236 INFO  [77f80277-612b-4ae4-a0a5-9855d82be2bd main] conf.MetastoreConf: Unable to find config file metastore-site.xml
2026-09-11 05:38:55,237 INFO  [77f80277-612b-4ae4-a0a5-9855d82be2bd main] conf.MetastoreConf: Found configuration file null
2026-09-11 05:38:55,464 INFO  [77f80277-612b-4ae4-a0a5-9855d82be2bd main] DataNucleus.Persistence: Property datanucleus.cache.level2 unknown - will be ignored
2026-09-11 05:38:55,705 INFO  [77f80277-612b-4ae4-a0a5-9855d82be2bd main] hikari.HikariDataSource: HikariPool-1 - Starting...
2026-09-11 05:38:55,978 INFO  [77f80277-612b-4ae4-a0a5-9855d82be2bd main] hikari.HikariDataSource: HikariPool-1 - Start completed.
2026-09-11 05:38:56,030 INFO  [77f80277-612b-4ae4-a0a5-9855d82be2bd main] hikari.HikariDataSource: HikariPool-2 - Starting...
2026-09-11 05:38:56,036 INFO  [77f80277-612b-4ae4-a0a5-9855d82be2bd main] hikari.HikariDataSource: HikariPool-2 - Start completed.
2026-09-11 05:38:56,102 INFO  [77f80277-612b-4ae4-a0a5-9855d82be2bd main] metastore.ObjectStore: Setting MetaStore object pin classes with hive.metastore.cache.pinobjtypes="Table,StorageDescriptor,SerDeInfo,Partition,Database,Type,FieldSchema,Order"
2026-09-11 05:38:56,214 INFO  [77f80277-612b-4ae4-a0a5-9855d82be2bd main] metastore.MetaStoreDirectSql: Using direct SQL, underlying DB is MYSQL
2026-09-11 05:38:56,215 INFO  [77f80277-612b-4ae4-a0a5-9855d82be2bd main] metastore.ObjectStore: Initialized ObjectStore
2026-09-11 05:38:56,384 WARN  [77f80277-612b-4ae4-a0a5-9855d82be2bd main] DataNucleus.MetaData: Metadata has jdbc-type of null yet this is not valid. Ignored
2026-09-11 05:38:56,385 WARN  [77f80277-612b-4ae4-a0a5-9855d82be2bd main] DataNucleus.MetaData: Metadata has jdbc-type of null yet this is not valid. Ignored
2026-09-11 05:38:56,385 WARN  [77f80277-612b-4ae4-a0a5-9855d82be2bd main] DataNucleus.MetaData: Metadata has jdbc-type of null yet this is not valid. Ignored
2026-09-11 05:38:56,385 WARN  [77f80277-612b-4ae4-a0a5-9855d82be2bd main] DataNucleus.MetaData: Metadata has jdbc-type of null yet this is not valid. Ignored
2026-09-11 05:38:56,385 WARN  [77f80277-612b-4ae4-a0a5-9855d82be2bd main] DataNucleus.MetaData: Metadata has jdbc-type of null yet this is not valid. Ignored
2026-09-11 05:38:56,385 WARN  [77f80277-612b-4ae4-a0a5-9855d82be2bd main] DataNucleus.MetaData: Metadata has jdbc-type of null yet this is not valid. Ignored
2026-09-11 05:38:58,226 WARN  [77f80277-612b-4ae4-a0a5-9855d82be2bd main] DataNucleus.MetaData: Metadata has jdbc-type of null yet this is not valid. Ignored
2026-09-11 05:38:58,227 WARN  [77f80277-612b-4ae4-a0a5-9855d82be2bd main] DataNucleus.MetaData: Metadata has jdbc-type of null yet this is not valid. Ignored
2026-09-11 05:38:58,227 WARN  [77f80277-612b-4ae4-a0a5-9855d82be2bd main] DataNucleus.MetaData: Metadata has jdbc-type of null yet this is not valid. Ignored
2026-09-11 05:38:58,227 WARN  [77f80277-612b-4ae4-a0a5-9855d82be2bd main] DataNucleus.MetaData: Metadata has jdbc-type of null yet this is not valid. Ignored
2026-09-11 05:38:58,227 WARN  [77f80277-612b-4ae4-a0a5-9855d82be2bd main] DataNucleus.MetaData: Metadata has jdbc-type of null yet this is not valid. Ignored
2026-09-11 05:38:58,227 WARN  [77f80277-612b-4ae4-a0a5-9855d82be2bd main] DataNucleus.MetaData: Metadata has jdbc-type of null yet this is not valid. Ignored
2026-09-11 05:39:00,714 INFO  [77f80277-612b-4ae4-a0a5-9855d82be2bd main] metastore.HiveMetaStore: Added admin role in metastore
2026-09-11 05:39:00,716 INFO  [77f80277-612b-4ae4-a0a5-9855d82be2bd main] metastore.HiveMetaStore: Added public role in metastore
2026-09-11 05:39:00,730 INFO  [77f80277-612b-4ae4-a0a5-9855d82be2bd main] metastore.HiveMetaStore: No user is added in admin role, since config is empty
2026-09-11 05:39:00,827 INFO  [77f80277-612b-4ae4-a0a5-9855d82be2bd main] metastore.RetryingMetaStoreClient: RetryingMetaStoreClient proxy=class org.apache.hadoop.hive.ql.metadata.SessionHiveMetaStoreClient ugi=student (auth:SIMPLE) retries=1 delay=1 lifetime=0
2026-09-11 05:39:00,843 INFO  [77f80277-612b-4ae4-a0a5-9855d82be2bd main] metastore.HiveMetaStore: 0: get_all_functions
2026-09-11 05:39:00,844 INFO  [77f80277-612b-4ae4-a0a5-9855d82be2bd main] HiveMetaStore.audit: ugi=student	ip=unknown-ip-addr	cmd=get_all_functions	
Hive Session ID = 2c3098cb-a42f-407c-bd59-e4c8b0d70179
2026-09-11 05:39:00,866 INFO  [pool-10-thread-1] SessionState: Hive Session ID = 2c3098cb-a42f-407c-bd59-e4c8b0d70179
2026-09-11 05:39:00,891 INFO  [77f80277-612b-4ae4-a0a5-9855d82be2bd main] conf.HiveConf: Using the default value passed in for log id: 77f80277-612b-4ae4-a0a5-9855d82be2bd
2026-09-11 05:39:00,891 INFO  [pool-10-thread-1] session.SessionState: Created HDFS directory: /tmp/student/2c3098cb-a42f-407c-bd59-e4c8b0d70179
2026-09-11 05:39:00,894 INFO  [pool-10-thread-1] session.SessionState: Created local directory: /tmp/student/2c3098cb-a42f-407c-bd59-e4c8b0d70179
2026-09-11 05:39:00,904 INFO  [pool-10-thread-1] session.SessionState: Created HDFS directory: /tmp/student/2c3098cb-a42f-407c-bd59-e4c8b0d70179/_tmp_space.db
2026-09-11 05:39:00,907 INFO  [pool-10-thread-1] metastore.HiveMetaStore: 1: get_databases: @hive#
2026-09-11 05:39:00,908 INFO  [pool-10-thread-1] HiveMetaStore.audit: ugi=student	ip=unknown-ip-addr	cmd=get_databases: @hive#	
2026-09-11 05:39:00,911 INFO  [pool-10-thread-1] metastore.HiveMetaStore: 1: Opening raw store with implementation class:org.apache.hadoop.hive.metastore.ObjectStore
2026-09-11 05:39:00,916 INFO  [pool-10-thread-1] metastore.ObjectStore: ObjectStore, initialize called
2026-09-11 05:39:00,980 INFO  [pool-10-thread-1] metastore.MetaStoreDirectSql: Using direct SQL, underlying DB is MYSQL
2026-09-11 05:39:00,983 INFO  [pool-10-thread-1] metastore.ObjectStore: Initialized ObjectStore
2026-09-11 05:39:01,002 INFO  [pool-10-thread-1] metastore.HiveMetaStore: 1: get_tables_by_type: db=@hive#default pat=.*,type=MATERIALIZED_VIEW
2026-09-11 05:39:01,002 INFO  [pool-10-thread-1] HiveMetaStore.audit: ugi=student	ip=unknown-ip-addr	cmd=get_tables_by_type: db=@hive#default pat=.*,type=MATERIALIZED_VIEW	
2026-09-11 05:39:01,014 INFO  [pool-10-thread-1] metastore.HiveMetaStore: 1: get_multi_table : db=default tbls=
2026-09-11 05:39:01,014 INFO  [pool-10-thread-1] HiveMetaStore.audit: ugi=student	ip=unknown-ip-addr	cmd=get_multi_table : db=default tbls=	
2026-09-11 05:39:01,017 INFO  [pool-10-thread-1] metastore.HiveMetaStore: 1: get_tables_by_type: db=@hive#ecommerce_dw pat=.*,type=MATERIALIZED_VIEW
2026-09-11 05:39:01,017 INFO  [pool-10-thread-1] HiveMetaStore.audit: ugi=student	ip=unknown-ip-addr	cmd=get_tables_by_type: db=@hive#ecommerce_dw pat=.*,type=MATERIALIZED_VIEW	
2026-09-11 05:39:01,021 INFO  [pool-10-thread-1] metastore.HiveMetaStore: 1: get_multi_table : db=ecommerce_dw tbls=
2026-09-11 05:39:01,021 INFO  [pool-10-thread-1] HiveMetaStore.audit: ugi=student	ip=unknown-ip-addr	cmd=get_multi_table : db=ecommerce_dw tbls=	
2026-09-11 05:39:01,021 INFO  [pool-10-thread-1] metadata.HiveMaterializedViewsRegistry: Materialized views registry has been initialized
2026-09-11 05:39:01,025 INFO  [77f80277-612b-4ae4-a0a5-9855d82be2bd main] ql.Driver: Compiling command(queryId=student_20260911053900_28853f5b-435c-4f2b-be4d-8497742cf313): CREATE DATABASE IF NOT EXISTS ecommerce_dw
2026-09-11 05:39:01,885 INFO  [77f80277-612b-4ae4-a0a5-9855d82be2bd main] ql.Driver: Concurrency mode is disabled, not creating a lock manager
2026-09-11 05:39:01,903 INFO  [77f80277-612b-4ae4-a0a5-9855d82be2bd main] ql.Driver: Semantic Analysis Completed (retrial = false)
2026-09-11 05:39:01,905 INFO  [77f80277-612b-4ae4-a0a5-9855d82be2bd main] ql.Driver: Returning Hive schema: Schema(fieldSchemas:null, properties:null)
2026-09-11 05:39:01,913 INFO  [77f80277-612b-4ae4-a0a5-9855d82be2bd main] ql.Driver: Completed compiling command(queryId=student_20260911053900_28853f5b-435c-4f2b-be4d-8497742cf313); Time taken: 0.933 seconds
2026-09-11 05:39:01,913 INFO  [77f80277-612b-4ae4-a0a5-9855d82be2bd main] reexec.ReExecDriver: Execution #1 of query
2026-09-11 05:39:01,914 INFO  [77f80277-612b-4ae4-a0a5-9855d82be2bd main] ql.Driver: Concurrency mode is disabled, not creating a lock manager
2026-09-11 05:39:01,914 INFO  [77f80277-612b-4ae4-a0a5-9855d82be2bd main] ql.Driver: Executing command(queryId=student_20260911053900_28853f5b-435c-4f2b-be4d-8497742cf313): CREATE DATABASE IF NOT EXISTS ecommerce_dw
2026-09-11 05:39:01,924 INFO  [77f80277-612b-4ae4-a0a5-9855d82be2bd main] ql.Driver: Starting task [Stage-0:DDL] in serial mode
2026-09-11 05:39:01,951 INFO  [77f80277-612b-4ae4-a0a5-9855d82be2bd main] sqlstd.SQLStdHiveAccessController: Created SQLStdHiveAccessController for session context : HiveAuthzSessionContext [sessionString=77f80277-612b-4ae4-a0a5-9855d82be2bd, clientType=HIVECLI]
2026-09-11 05:39:01,952 WARN  [77f80277-612b-4ae4-a0a5-9855d82be2bd main] session.SessionState: METASTORE_FILTER_HOOK will be ignored, since hive.security.authorization.manager is set to instance of HiveAuthorizerFactory.
2026-09-11 05:39:01,953 INFO  [77f80277-612b-4ae4-a0a5-9855d82be2bd main] metastore.HiveMetaStoreClient: Mestastore configuration metastore.filter.hook changed from org.apache.hadoop.hive.metastore.DefaultMetaStoreFilterHookImpl to org.apache.hadoop.hive.ql.security.authorization.plugin.AuthorizationMetaStoreFilterHook
2026-09-11 05:39:01,954 INFO  [77f80277-612b-4ae4-a0a5-9855d82be2bd main] metastore.HiveMetaStore: 0: Cleaning up thread local RawStore...
2026-09-11 05:39:01,954 INFO  [77f80277-612b-4ae4-a0a5-9855d82be2bd main] HiveMetaStore.audit: ugi=student	ip=unknown-ip-addr	cmd=Cleaning up thread local RawStore...	
2026-09-11 05:39:01,955 INFO  [77f80277-612b-4ae4-a0a5-9855d82be2bd main] metastore.HiveMetaStore: 0: Done cleaning up thread local RawStore
2026-09-11 05:39:01,955 INFO  [77f80277-612b-4ae4-a0a5-9855d82be2bd main] HiveMetaStore.audit: ugi=student	ip=unknown-ip-addr	cmd=Done cleaning up thread local RawStore	
2026-09-11 05:39:01,958 INFO  [77f80277-612b-4ae4-a0a5-9855d82be2bd main] metastore.HiveMetaStore: 0: Opening raw store with implementation class:org.apache.hadoop.hive.metastore.ObjectStore
2026-09-11 05:39:01,958 WARN  [77f80277-612b-4ae4-a0a5-9855d82be2bd main] metastore.ObjectStore: datanucleus.autoStartMechanismMode is set to unsupported value null . Setting it to value: ignored
2026-09-11 05:39:01,959 INFO  [77f80277-612b-4ae4-a0a5-9855d82be2bd main] metastore.ObjectStore: ObjectStore, initialize called
2026-09-11 05:39:01,971 INFO  [77f80277-612b-4ae4-a0a5-9855d82be2bd main] metastore.MetaStoreDirectSql: Using direct SQL, underlying DB is MYSQL
2026-09-11 05:39:01,971 INFO  [77f80277-612b-4ae4-a0a5-9855d82be2bd main] metastore.ObjectStore: Initialized ObjectStore
2026-09-11 05:39:01,971 INFO  [77f80277-612b-4ae4-a0a5-9855d82be2bd main] metastore.RetryingMetaStoreClient: RetryingMetaStoreClient proxy=class org.apache.hadoop.hive.ql.metadata.SessionHiveMetaStoreClient ugi=student (auth:SIMPLE) retries=1 delay=1 lifetime=0
2026-09-11 05:39:01,974 WARN  [77f80277-612b-4ae4-a0a5-9855d82be2bd main] metastore.ObjectStore: datanucleus.autoStartMechanismMode is set to unsupported value null . Setting it to value: ignored
2026-09-11 05:39:01,974 INFO  [77f80277-612b-4ae4-a0a5-9855d82be2bd main] metastore.ObjectStore: ObjectStore, initialize called
2026-09-11 05:39:01,979 INFO  [77f80277-612b-4ae4-a0a5-9855d82be2bd main] metastore.MetaStoreDirectSql: Using direct SQL, underlying DB is MYSQL
2026-09-11 05:39:01,979 INFO  [77f80277-612b-4ae4-a0a5-9855d82be2bd main] metastore.ObjectStore: Initialized ObjectStore
2026-09-11 05:39:01,980 INFO  [77f80277-612b-4ae4-a0a5-9855d82be2bd main] metastore.RetryingMetaStoreClient: RetryingMetaStoreClient proxy=class org.apache.hadoop.hive.ql.metadata.SessionHiveMetaStoreClient ugi=student (auth:SIMPLE) retries=1 delay=1 lifetime=0
2026-09-11 05:39:01,980 INFO  [77f80277-612b-4ae4-a0a5-9855d82be2bd main] metastore.HiveMetaStore: 0: create_database: Database(name:ecommerce_dw, description:null, locationUri:hdfs://localhost:9000/user/hive/warehouse/ecommerce_dw.db, parameters:null, ownerName:student, ownerType:USER, catalogName:hive)
2026-09-11 05:39:01,980 INFO  [77f80277-612b-4ae4-a0a5-9855d82be2bd main] HiveMetaStore.audit: ugi=student	ip=unknown-ip-addr	cmd=create_database: Database(name:ecommerce_dw, description:null, locationUri:hdfs://localhost:9000/user/hive/warehouse/ecommerce_dw.db, parameters:null, ownerName:student, ownerType:USER, catalogName:hive)	
2026-09-11 05:39:01,986 ERROR [77f80277-612b-4ae4-a0a5-9855d82be2bd main] metastore.RetryingHMSHandler: ocalCmd(CliDriver.java:239)
	at org.apache.hadoop.hive.cli.CliDriver.processCmd(CliDriver.java:188)
	at org.apache.hadoop.hive.cli.CliDriver.processLine(CliDriver.java:402)
	at org.apache.hadoop.hive.cli.CliDriver.processLine(CliDriver.java:335)
	at org.apache.hadoop.hive.cli.CliDriver.processReader(CliDriver.java:471)
	at org.apache.hadoop.hive.cli.CliDriver.processFile(CliDriver.java:487)
	at org.apache.hadoop.hive.cli.CliDriver.executeDriver(CliDriver.java:793)
	at org.apache.hadoop.hive.cli.CliDriver.run(CliDriver.java:759)
	at org.apache.hadoop.hive.cli.CliDriver.main(CliDriver.java:683)
	at sun.reflect.NativeMethodAccessorImpl.invoke0(Native Method)
	at sun.reflect.NativeMethodAccessorImpl.invoke(NativeMethodAccessorImpl.java:62)
	at sun.reflect.DelegatingMethodAccessorImpl.invoke(DelegatingMethodAccessorImpl.java:43)
	at java.lang.reflect.Method.invoke(Method.java:498)
	at org.apache.hadoop.util.RunJar.run(RunJar.java:323)
	at org.apache.hadoop.util.RunJar.main(RunJar.java:236)

2026-09-11 05:39:01,987 INFO  [77f80277-612b-4ae4-a0a5-9855d82be2bd main] ql.Driver: Completed executing command(queryId=student_20260911053900_28853f5b-435c-4f2b-be4d-8497742cf313); Time taken: 0.073 seconds
OK
2026-09-11 05:39:01,987 INFO  [77f80277-612b-4ae4-a0a5-9855d82be2bd main] ql.Driver: OK
2026-09-11 05:39:01,987 INFO  [77f80277-612b-4ae4-a0a5-9855d82be2bd main] ql.Driver: Concurrency mode is disabled, not creating a lock manager
Time taken: 1.011 seconds
2026-09-11 05:39:01,988 INFO  [77f80277-612b-4ae4-a0a5-9855d82be2bd main] CliDriver: Time taken: 1.011 seconds
2026-09-11 05:39:01,988 INFO  [77f80277-612b-4ae4-a0a5-9855d82be2bd main] conf.HiveConf: Using the default value passed in for log id: 77f80277-612b-4ae4-a0a5-9855d82be2bd
2026-09-11 05:39:01,988 INFO  [77f80277-612b-4ae4-a0a5-9855d82be2bd main] session.SessionState: Resetting thread name to  main
2026-09-11 05:39:01,988 INFO  [main] conf.HiveConf: Using the default value passed in for log id: 77f80277-612b-4ae4-a0a5-9855d82be2bd
2026-09-11 05:39:01,988 INFO  [main] session.SessionState: Updating thread name to 77f80277-612b-4ae4-a0a5-9855d82be2bd main
2026-09-11 05:39:01,989 INFO  [77f80277-612b-4ae4-a0a5-9855d82be2bd main] ql.Driver: Compiling command(queryId=student_20260911053901_5bbf4ec1-c896-408e-aafe-9b6d6f6be0a0): 

USE ecommerce_dw
2026-09-11 05:39:02,001 INFO  [77f80277-612b-4ae4-a0a5-9855d82be2bd main] ql.Driver: Concurrency mode is disabled, not creating a lock manager
2026-09-11 05:39:02,001 INFO  [77f80277-612b-4ae4-a0a5-9855d82be2bd main] metastore.HiveMetaStore: 0: get_database: @hive#ecommerce_dw
2026-09-11 05:39:02,002 INFO  [77f80277-612b-4ae4-a0a5-9855d82be2bd main] HiveMetaStore.audit: ugi=student	ip=unknown-ip-addr	cmd=get_database: @hive#ecommerce_dw	
2026-09-11 05:39:02,016 INFO  [77f80277-612b-4ae4-a0a5-9855d82be2bd main] ql.Driver: Semantic Analysis Completed (retrial = false)
2026-09-11 05:39:02,016 INFO  [77f80277-612b-4ae4-a0a5-9855d82be2bd main] ql.Driver: Returning Hive schema: Schema(fieldSchemas:null, properties:null)
2026-09-11 05:39:02,017 INFO  [77f80277-612b-4ae4-a0a5-9855d82be2bd main] ql.Driver: Completed compiling command(queryId=student_20260911053901_5bbf4ec1-c896-408e-aafe-9b6d6f6be0a0); Time taken: 0.027 seconds
2026-09-11 05:39:02,017 INFO  [77f80277-612b-4ae4-a0a5-9855d82be2bd main] reexec.ReExecDriver: Execution #1 of query
2026-09-11 05:39:02,017 INFO  [77f80277-612b-4ae4-a0a5-9855d82be2bd main] ql.Driver: Concurrency mode is disabled, not creating a lock manager
2026-09-11 05:39:02,017 INFO  [77f80277-612b-4ae4-a0a5-9855d82be2bd main] ql.Driver: Executing command(queryId=student_20260911053901_5bbf4ec1-c896-408e-aafe-9b6d6f6be0a0): 

USE ecommerce_dw
2026-09-11 05:39:02,017 INFO  [77f80277-612b-4ae4-a0a5-9855d82be2bd main] ql.Driver: Starting task [Stage-0:DDL] in serial mode
2026-09-11 05:39:02,017 INFO  [77f80277-612b-4ae4-a0a5-9855d82be2bd main] metastore.HiveMetaStore: 0: get_database: @hive#ecommerce_dw
2026-09-11 05:39:02,018 INFO  [77f80277-612b-4ae4-a0a5-9855d82be2bd main] HiveMetaStore.audit: ugi=student	ip=unknown-ip-addr	cmd=get_database: @hive#ecommerce_dw	
2026-09-11 05:39:02,021 INFO  [77f80277-612b-4ae4-a0a5-9855d82be2bd main] metastore.HiveMetaStore: 0: get_database: @hive#ecommerce_dw
2026-09-11 05:39:02,021 INFO  [77f80277-612b-4ae4-a0a5-9855d82be2bd main] HiveMetaStore.audit: ugi=student	ip=unknown-ip-addr	cmd=get_database: @hive#ecommerce_dw	
2026-09-11 05:39:02,023 INFO  [77f80277-612b-4ae4-a0a5-9855d82be2bd main] ql.Driver: Completed executing command(queryId=student_20260911053901_5bbf4ec1-c896-408e-aafe-9b6d6f6be0a0); Time taken: 0.006 seconds
OK
2026-09-11 05:39:02,023 INFO  [77f80277-612b-4ae4-a0a5-9855d82be2bd main] ql.Driver: OK
2026-09-11 05:39:02,023 INFO  [77f80277-612b-4ae4-a0a5-9855d82be2bd main] ql.Driver: Concurrency mode is disabled, not creating a lock manager
Time taken: 0.034 seconds
2026-09-11 05:39:02,023 INFO  [77f80277-612b-4ae4-a0a5-9855d82be2bd main] CliDriver: Time taken: 0.034 seconds
2026-09-11 05:39:02,023 INFO  [77f80277-612b-4ae4-a0a5-9855d82be2bd main] conf.HiveConf: Using the default value passed in for log id: 77f80277-612b-4ae4-a0a5-9855d82be2bd
2026-09-11 05:39:02,024 INFO  [77f80277-612b-4ae4-a0a5-9855d82be2bd main] session.SessionState: Resetting thread name to  main
2026-09-11 05:39:02,024 INFO  [main] conf.HiveConf: Using the default value passed in for log id: 77f80277-612b-4ae4-a0a5-9855d82be2bd
2026-09-11 05:39:02,024 INFO  [main] session.SessionState: Updating thread name to 77f80277-612b-4ae4-a0a5-9855d82be2bd main
2026-09-11 05:39:02,025 INFO  [77f80277-612b-4ae4-a0a5-9855d82be2bd main] ql.Driver: Compiling command(queryId=student_20260911053902_76b0cafc-edce-4110-a2e8-2ca8135f9a1a): 

CREATE EXTERNAL TABLE IF NOT EXISTS streaming_orders (
    order_id       INT,
    customer_id    INT,
    product_id     INT,
    quantity       INT,
    price          DOUBLE,
    total_amount   DOUBLE,
    order_timestamp TIMESTAMP
)
STORED AS PARQUET
LOCATION '/user/hive/warehouse/ecommerce_dw.db/streaming_orders'
2026-09-11 05:39:02,062 INFO  [77f80277-612b-4ae4-a0a5-9855d82be2bd main] ql.Driver: Concurrency mode is disabled, not creating a lock manager
2026-09-11 05:39:02,065 INFO  [77f80277-612b-4ae4-a0a5-9855d82be2bd main] parse.CalcitePlanner: Starting Semantic Analysis
2026-09-11 05:39:02,070 INFO  [77f80277-612b-4ae4-a0a5-9855d82be2bd main] parse.CalcitePlanner: Creating table ecommerce_dw.streaming_orders position=36
2026-09-11 05:39:02,085 INFO  [77f80277-612b-4ae4-a0a5-9855d82be2bd main] metastore.HiveMetaStore: 0: get_table : tbl=hive.ecommerce_dw.streaming_orders
2026-09-11 05:39:02,085 INFO  [77f80277-612b-4ae4-a0a5-9855d82be2bd main] HiveMetaStore.audit: ugi=student	ip=unknown-ip-addr	cmd=get_table : tbl=hive.ecommerce_dw.streaming_orders	
2026-09-11 05:39:02,166 INFO  [77f80277-612b-4ae4-a0a5-9855d82be2bd main] ql.Driver: Semantic Analysis Completed (retrial = false)
2026-09-11 05:39:02,166 INFO  [77f80277-612b-4ae4-a0a5-9855d82be2bd main] ql.Driver: Returning Hive schema: Schema(fieldSchemas:null, properties:null)
2026-09-11 05:39:02,166 INFO  [77f80277-612b-4ae4-a0a5-9855d82be2bd main] ql.Driver: Completed compiling command(queryId=student_20260911053902_76b0cafc-edce-4110-a2e8-2ca8135f9a1a); Time taken: 0.141 seconds
2026-09-11 05:39:02,166 INFO  [77f80277-612b-4ae4-a0a5-9855d82be2bd main] reexec.ReExecDriver: Execution #1 of query
2026-09-11 05:39:02,166 INFO  [77f80277-612b-4ae4-a0a5-9855d82be2bd main] ql.Driver: Concurrency mode is disabled, not creating a lock manager
2026-09-11 05:39:02,166 INFO  [77f80277-612b-4ae4-a0a5-9855d82be2bd main] ql.Driver: Executing command(queryId=student_20260911053902_76b0cafc-edce-4110-a2e8-2ca8135f9a1a): 

CREATE EXTERNAL TABLE IF NOT EXISTS streaming_orders (
    order_id       INT,
    customer_id    INT,
    product_id     INT,
    quantity       INT,
    price          DOUBLE,
    total_amount   DOUBLE,
    order_timestamp TIMESTAMP
)
STORED AS PARQUET
LOCATION '/user/hive/warehouse/ecommerce_dw.db/streaming_orders'
2026-09-11 05:39:02,171 INFO  [77f80277-612b-4ae4-a0a5-9855d82be2bd main] ql.Driver: Completed executing command(queryId=student_20260911053902_76b0cafc-edce-4110-a2e8-2ca8135f9a1a); Time taken: 0.005 seconds
OK
2026-09-11 05:39:02,171 INFO  [77f80277-612b-4ae4-a0a5-9855d82be2bd main] ql.Driver: OK
2026-09-11 05:39:02,171 INFO  [77f80277-612b-4ae4-a0a5-9855d82be2bd main] ql.Driver: Concurrency mode is disabled, not creating a lock manager
Time taken: 0.146 seconds
2026-09-11 05:39:02,171 INFO  [77f80277-612b-4ae4-a0a5-9855d82be2bd main] CliDriver: Time taken: 0.146 seconds
2026-09-11 05:39:02,171 INFO  [77f80277-612b-4ae4-a0a5-9855d82be2bd main] conf.HiveConf: Using the default value passed in for log id: 77f80277-612b-4ae4-a0a5-9855d82be2bd
2026-09-11 05:39:02,171 INFO  [77f80277-612b-4ae4-a0a5-9855d82be2bd main] session.SessionState: Resetting thread name to  main
2026-09-11 05:39:02,171 INFO  [main] conf.HiveConf: Using the default value passed in for log id: 77f80277-612b-4ae4-a0a5-9855d82be2bd
2026-09-11 05:39:02,171 INFO  [main] session.SessionState: Updating thread name to 77f80277-612b-4ae4-a0a5-9855d82be2bd main
2026-09-11 05:39:02,173 INFO  [77f80277-612b-4ae4-a0a5-9855d82be2bd main] ql.Driver: Compiling command(queryId=student_20260911053902_f48c7da3-7d41-4860-8feb-40c2b47428e1): 


SELECT COUNT(*) AS total_orders
FROM streaming_orders
2026-09-11 05:39:02,188 INFO  [77f80277-612b-4ae4-a0a5-9855d82be2bd main] ql.Driver: Concurrency mode is disabled, not creating a lock manager
2026-09-11 05:39:02,189 INFO  [77f80277-612b-4ae4-a0a5-9855d82be2bd main] parse.CalcitePlanner: Starting Semantic Analysis
2026-09-11 05:39:02,192 INFO  [77f80277-612b-4ae4-a0a5-9855d82be2bd main] parse.CalcitePlanner: Completed phase 1 of Semantic Analysis
2026-09-11 05:39:02,192 INFO  [77f80277-612b-4ae4-a0a5-9855d82be2bd main] parse.CalcitePlanner: Get metadata for source tables
2026-09-11 05:39:02,192 INFO  [77f80277-612b-4ae4-a0a5-9855d82be2bd main] metastore.HiveMetaStore: 0: get_table : tbl=hive.ecommerce_dw.streaming_orders
2026-09-11 05:39:02,192 INFO  [77f80277-612b-4ae4-a0a5-9855d82be2bd main] HiveMetaStore.audit: ugi=student	ip=unknown-ip-addr	cmd=get_table : tbl=hive.ecommerce_dw.streaming_orders	
2026-09-11 05:39:02,208 INFO  [77f80277-612b-4ae4-a0a5-9855d82be2bd main] parse.CalcitePlanner: Get metadata for subqueries
2026-09-11 05:39:02,208 INFO  [77f80277-612b-4ae4-a0a5-9855d82be2bd main] parse.CalcitePlanner: Get metadata for destination tables
2026-09-11 05:39:02,255 INFO  [77f80277-612b-4ae4-a0a5-9855d82be2bd main] ql.Context: New scratch dir is hdfs://localhost:9000/tmp/student/77f80277-612b-4ae4-a0a5-9855d82be2bd/hive_2026-09-11_05-39-02_186_7776364007680257826-1
2026-09-11 05:39:02,258 INFO  [77f80277-612b-4ae4-a0a5-9855d82be2bd main] parse.CalcitePlanner: Completed getting MetaData in Semantic Analysis
2026-09-11 05:39:02,264 INFO  [77f80277-612b-4ae4-a0a5-9855d82be2bd main] results.QueryResultsCache: Initializing query results cache at /tmp/hive/_resultscache_
2026-09-11 05:39:02,281 INFO  [77f80277-612b-4ae4-a0a5-9855d82be2bd main] results.QueryResultsCache: Query results cache: cacheDirectory /tmp/hive/_resultscache_/results-a61b7b14-c977-4bc8-9862-e858becfd4b4, maxCacheSize 2147483648, maxEntrySize 10485760, maxEntryLifetime 3600000
2026-09-11 05:39:02,926 INFO  [77f80277-612b-4ae4-a0a5-9855d82be2bd main] metastore.HiveMetaStore: 0: get_not_null_constraints : tbl=hive.ecommerce_dw.streaming_orders
2026-09-11 05:39:02,926 INFO  [77f80277-612b-4ae4-a0a5-9855d82be2bd main] HiveMetaStore.audit: ugi=student	ip=unknown-ip-addr	cmd=get_not_null_constraints : tbl=hive.ecommerce_dw.streaming_orders	
2026-09-11 05:39:02,932 INFO  [77f80277-612b-4ae4-a0a5-9855d82be2bd main] metastore.HiveMetaStore: 0: get_primary_keys : tbl=hive.ecommerce_dw.streaming_orders
2026-09-11 05:39:02,932 INFO  [77f80277-612b-4ae4-a0a5-9855d82be2bd main] HiveMetaStore.audit: ugi=student	ip=unknown-ip-addr	cmd=get_primary_keys : tbl=hive.ecommerce_dw.streaming_orders	
2026-09-11 05:39:02,941 INFO  [77f80277-612b-4ae4-a0a5-9855d82be2bd main] metastore.HiveMetaStore: 0: get_primary_keys : tbl=hive.ecommerce_dw.streaming_orders
2026-09-11 05:39:02,941 INFO  [77f80277-612b-4ae4-a0a5-9855d82be2bd main] HiveMetaStore.audit: ugi=student	ip=unknown-ip-addr	cmd=get_primary_keys : tbl=hive.ecommerce_dw.streaming_orders	
2026-09-11 05:39:02,944 INFO  [77f80277-612b-4ae4-a0a5-9855d82be2bd main] metastore.HiveMetaStore: 0: get_unique_constraints : tbl=hive.ecommerce_dw.streaming_orders
2026-09-11 05:39:02,944 INFO  [77f80277-612b-4ae4-a0a5-9855d82be2bd main] HiveMetaStore.audit: ugi=student	ip=unknown-ip-addr	cmd=get_unique_constraints : tbl=hive.ecommerce_dw.streaming_orders	
2026-09-11 05:39:02,948 INFO  [77f80277-612b-4ae4-a0a5-9855d82be2bd main] metastore.HiveMetaStore: 0: get_foreign_keys : parentdb=null parenttbl=null foreigndb=ecommerce_dw foreigntbl=streaming_orders
2026-09-11 05:39:02,948 INFO  [77f80277-612b-4ae4-a0a5-9855d82be2bd main] HiveMetaStore.audit: ugi=student	ip=unknown-ip-addr	cmd=get_foreign_keys : parentdb=null parenttbl=null foreigndb=ecommerce_dw foreigntbl=streaming_orders	
2026-09-11 05:39:03,714 INFO  [77f80277-612b-4ae4-a0a5-9855d82be2bd main] metastore.HiveMetaStore: 0: get_databases: @hive#
2026-09-11 05:39:03,714 INFO  [77f80277-612b-4ae4-a0a5-9855d82be2bd main] HiveMetaStore.audit: ugi=student	ip=unknown-ip-addr	cmd=get_databases: @hive#	
2026-09-11 05:39:03,719 INFO  [77f80277-612b-4ae4-a0a5-9855d82be2bd main] metastore.HiveMetaStore: 0: get_materialized_views_for_rewriting: db=@hive#default
2026-09-11 05:39:03,719 INFO  [77f80277-612b-4ae4-a0a5-9855d82be2bd main] HiveMetaStore.audit: ugi=student	ip=unknown-ip-addr	cmd=get_materialized_views_for_rewriting: db=@hive#default	
2026-09-11 05:39:03,724 INFO  [77f80277-612b-4ae4-a0a5-9855d82be2bd main] metastore.HiveMetaStore: 0: get_materialized_views_for_rewriting: db=@hive#ecommerce_dw
2026-09-11 05:39:03,724 INFO  [77f80277-612b-4ae4-a0a5-9855d82be2bd main] HiveMetaStore.audit: ugi=student	ip=unknown-ip-addr	cmd=get_materialized_views_for_rewriting: db=@hive#ecommerce_dw	
2026-09-11 05:39:03,755 INFO  [77f80277-612b-4ae4-a0a5-9855d82be2bd main] parse.CalcitePlanner: Get metadata for source tables
2026-09-11 05:39:03,755 INFO  [77f80277-612b-4ae4-a0a5-9855d82be2bd main] metastore.HiveMetaStore: 0: get_table : tbl=hive.ecommerce_dw.streaming_orders
2026-09-11 05:39:03,756 INFO  [77f80277-612b-4ae4-a0a5-9855d82be2bd main] HiveMetaStore.audit: ugi=student	ip=unknown-ip-addr	cmd=get_table : tbl=hive.ecommerce_dw.streaming_orders	
2026-09-11 05:39:03,771 INFO  [77f80277-612b-4ae4-a0a5-9855d82be2bd main] parse.CalcitePlanner: Get metadata for subqueries
2026-09-11 05:39:03,771 INFO  [77f80277-612b-4ae4-a0a5-9855d82be2bd main] parse.CalcitePlanner: Get metadata for destination tables
2026-09-11 05:39:03,775 INFO  [77f80277-612b-4ae4-a0a5-9855d82be2bd main] ql.Context: New scratch dir is hdfs://localhost:9000/tmp/student/77f80277-612b-4ae4-a0a5-9855d82be2bd/hive_2026-09-11_05-39-02_186_7776364007680257826-1
2026-09-11 05:39:03,833 INFO  [77f80277-612b-4ae4-a0a5-9855d82be2bd main] common.FileUtils: Creating directory if it doesn't exist: hdfs://localhost:9000/tmp/student/77f80277-612b-4ae4-a0a5-9855d82be2bd/hive_2026-09-11_05-39-02_186_7776364007680257826-1/-mr-10001/.hive-staging_hive_2026-09-11_05-39-02_186_7776364007680257826-1
2026-09-11 05:39:03,874 INFO  [77f80277-612b-4ae4-a0a5-9855d82be2bd main] parse.CalcitePlanner: CBO Succeeded; optimized logical plan.
2026-09-11 05:39:03,902 INFO  [77f80277-612b-4ae4-a0a5-9855d82be2bd main] ppd.OpProcFactory: Processing for FS(6)
2026-09-11 05:39:03,902 INFO  [77f80277-612b-4ae4-a0a5-9855d82be2bd main] ppd.OpProcFactory: Processing for SEL(5)
2026-09-11 05:39:03,902 INFO  [77f80277-612b-4ae4-a0a5-9855d82be2bd main] ppd.OpProcFactory: Processing for GBY(4)
2026-09-11 05:39:03,902 INFO  [77f80277-612b-4ae4-a0a5-9855d82be2bd main] ppd.OpProcFactory: Processing for RS(3)
2026-09-11 05:39:03,902 INFO  [77f80277-612b-4ae4-a0a5-9855d82be2bd main] ppd.OpProcFactory: Processing for GBY(2)
2026-09-11 05:39:03,902 INFO  [77f80277-612b-4ae4-a0a5-9855d82be2bd main] ppd.OpProcFactory: Processing for SEL(1)
2026-09-11 05:39:03,902 INFO  [77f80277-612b-4ae4-a0a5-9855d82be2bd main] ppd.OpProcFactory: Processing for TS(0)
2026-09-11 05:39:03,921 INFO  [77f80277-612b-4ae4-a0a5-9855d82be2bd main] optimizer.ColumnPrunerProcFactory: RS 3 oldColExprMap: {VALUE._col0=Column[_col0]}
2026-09-11 05:39:03,921 INFO  [77f80277-612b-4ae4-a0a5-9855d82be2bd main] optimizer.ColumnPrunerProcFactory: RS 3 newColExprMap: {VALUE._col0=Column[_col0]}
2026-09-11 05:39:03,937 INFO  [77f80277-612b-4ae4-a0a5-9855d82be2bd main] optimizer.StatsOptimizer: Table streaming_orders is external. Skip StatsOptimizer.
2026-09-11 05:39:04,033 INFO  [77f80277-612b-4ae4-a0a5-9855d82be2bd main] physical.Vectorizer: Examining input format to see if vectorization is enabled.
2026-09-11 05:39:04,044 INFO  [77f80277-612b-4ae4-a0a5-9855d82be2bd main] physical.Vectorizer: Vectorization is enabled for input format(s) [org.apache.hadoop.hive.ql.io.parquet.MapredParquetInputFormat]
2026-09-11 05:39:04,044 INFO  [77f80277-612b-4ae4-a0a5-9855d82be2bd main] physical.Vectorizer: Validating and vectorizing MapWork... (vectorizedVertexNum 0)
2026-09-11 05:39:04,069 INFO  [77f80277-612b-4ae4-a0a5-9855d82be2bd main] physical.Vectorizer: Vector GROUP BY operator will use processing mode HASH
2026-09-11 05:39:04,087 INFO  [77f80277-612b-4ae4-a0a5-9855d82be2bd main] physical.Vectorizer: Map vectorization enabled: true
2026-09-11 05:39:04,087 INFO  [77f80277-612b-4ae4-a0a5-9855d82be2bd main] physical.Vectorizer: Map vectorized: true
2026-09-11 05:39:04,087 INFO  [77f80277-612b-4ae4-a0a5-9855d82be2bd main] physical.Vectorizer: Map vectorizedVertexNum: 0
2026-09-11 05:39:04,087 INFO  [77f80277-612b-4ae4-a0a5-9855d82be2bd main] physical.Vectorizer: Map enabledConditionsMet: [hive.vectorized.use.vectorized.input.format IS true]
2026-09-11 05:39:04,087 INFO  [77f80277-612b-4ae4-a0a5-9855d82be2bd main] physical.Vectorizer: Map inputFileFormatClassNameSet: [org.apache.hadoop.hive.ql.io.parquet.MapredParquetInputFormat]
2026-09-11 05:39:04,087 INFO  [77f80277-612b-4ae4-a0a5-9855d82be2bd main] physical.Vectorizer: Reduce vectorization enabled: false
2026-09-11 05:39:04,087 INFO  [77f80277-612b-4ae4-a0a5-9855d82be2bd main] physical.Vectorizer: Reduce vectorized: false
2026-09-11 05:39:04,087 INFO  [77f80277-612b-4ae4-a0a5-9855d82be2bd main] physical.Vectorizer: Reduce vectorizedVertexNum: 1
2026-09-11 05:39:04,087 INFO  [77f80277-612b-4ae4-a0a5-9855d82be2bd main] physical.Vectorizer: Reducer hive.vectorized.execution.reduce.enabled: true
2026-09-11 05:39:04,087 INFO  [77f80277-612b-4ae4-a0a5-9855d82be2bd main] physical.Vectorizer: Reducer engine: mr
2026-09-11 05:39:04,093 INFO  [77f80277-612b-4ae4-a0a5-9855d82be2bd main] parse.CalcitePlanner: Completed plan generation
2026-09-11 05:39:04,093 INFO  [77f80277-612b-4ae4-a0a5-9855d82be2bd main] parse.CalcitePlanner: Not eligible for results caching - ecommerce_dw.streaming_orders is an external table
2026-09-11 05:39:04,093 INFO  [77f80277-612b-4ae4-a0a5-9855d82be2bd main] ql.Driver: Semantic Analysis Completed (retrial = false)
2026-09-11 05:39:04,094 INFO  [77f80277-612b-4ae4-a0a5-9855d82be2bd main] ql.Driver: Returning Hive schema: Schema(fieldSchemas:[FieldSchema(name:total_orders, type:bigint, comment:null)], properties:null)
2026-09-11 05:39:04,101 INFO  [77f80277-612b-4ae4-a0a5-9855d82be2bd main] exec.ListSinkOperator: Initializing operator LIST_SINK[10]
2026-09-11 05:39:04,110 INFO  [77f80277-612b-4ae4-a0a5-9855d82be2bd main] ql.Driver: Completed compiling command(queryId=student_20260911053902_f48c7da3-7d41-4860-8feb-40c2b47428e1); Time taken: 1.937 seconds
2026-09-11 05:39:04,110 INFO  [77f80277-612b-4ae4-a0a5-9855d82be2bd main] reexec.ReExecDriver: Execution #1 of query
2026-09-11 05:39:04,110 INFO  [77f80277-612b-4ae4-a0a5-9855d82be2bd main] ql.Driver: Concurrency mode is disabled, not creating a lock manager
2026-09-11 05:39:04,110 INFO  [77f80277-612b-4ae4-a0a5-9855d82be2bd main] ql.Driver: Executing command(queryId=student_20260911053902_f48c7da3-7d41-4860-8feb-40c2b47428e1): 


SELECT COUNT(*) AS total_orders
FROM streaming_orders
2026-09-11 05:39:04,110 WARN  [77f80277-612b-4ae4-a0a5-9855d82be2bd main] ql.Driver: Hive-on-MR is deprecated in Hive 2 and may not be available in the future versions. Consider using a different execution engine (i.e. spark, tez) or using Hive 1.X releases.
Query ID = student_20260911053902_f48c7da3-7d41-4860-8feb-40c2b47428e1
2026-09-11 05:39:04,110 INFO  [77f80277-612b-4ae4-a0a5-9855d82be2bd main] ql.Driver: Query ID = student_20260911053902_f48c7da3-7d41-4860-8feb-40c2b47428e1
Total jobs = 1
2026-09-11 05:39:04,110 INFO  [77f80277-612b-4ae4-a0a5-9855d82be2bd main] ql.Driver: Total jobs = 1
Launching Job 1 out of 1
2026-09-11 05:39:04,121 INFO  [77f80277-612b-4ae4-a0a5-9855d82be2bd main] ql.Driver: Launching Job 1 out of 1
2026-09-11 05:39:04,141 INFO  [77f80277-612b-4ae4-a0a5-9855d82be2bd main] ql.Driver: Starting task [Stage-1:MAPRED] in serial mode
Number of reduce tasks determined at compile time: 1
2026-09-11 05:39:04,141 INFO  [77f80277-612b-4ae4-a0a5-9855d82be2bd main] exec.Task: Number of reduce tasks determined at compile time: 1
In order to change the average load for a reducer (in bytes):
2026-09-11 05:39:04,141 INFO  [77f80277-612b-4ae4-a0a5-9855d82be2bd main] exec.Task: In order to change the average load for a reducer (in bytes):
  set hive.exec.reducers.bytes.per.reducer=<number>
2026-09-11 05:39:04,141 INFO  [77f80277-612b-4ae4-a0a5-9855d82be2bd main] exec.Task:   set hive.exec.reducers.bytes.per.reducer=<number>
In order to limit the maximum number of reducers:
2026-09-11 05:39:04,141 INFO  [77f80277-612b-4ae4-a0a5-9855d82be2bd main] exec.Task: In order to limit the maximum number of reducers:
  set hive.exec.reducers.max=<number>
2026-09-11 05:39:04,141 INFO  [77f80277-612b-4ae4-a0a5-9855d82be2bd main] exec.Task:   set hive.exec.reducers.max=<number>
In order to set a constant number of reducers:
2026-09-11 05:39:04,142 INFO  [77f80277-612b-4ae4-a0a5-9855d82be2bd main] exec.Task: In order to set a constant number of reducers:
  set mapreduce.job.reduces=<number>
2026-09-11 05:39:04,142 INFO  [77f80277-612b-4ae4-a0a5-9855d82be2bd main] exec.Task:   set mapreduce.job.reduces=<number>
2026-09-11 05:39:04,142 INFO  [77f80277-612b-4ae4-a0a5-9855d82be2bd main] ql.Context: New scratch dir is hdfs://localhost:9000/tmp/student/77f80277-612b-4ae4-a0a5-9855d82be2bd/hive_2026-09-11_05-39-02_186_7776364007680257826-1
2026-09-11 05:39:04,156 INFO  [77f80277-612b-4ae4-a0a5-9855d82be2bd main] mr.ExecDriver: Using org.apache.hadoop.hive.ql.io.CombineHiveInputFormat
2026-09-11 05:39:04,162 INFO  [77f80277-612b-4ae4-a0a5-9855d82be2bd main] exec.Utilities: Processing alias streaming_orders
2026-09-11 05:39:04,162 INFO  [77f80277-612b-4ae4-a0a5-9855d82be2bd main] exec.Utilities: Adding 1 inputs; the first input is hdfs://localhost:9000/user/hive/warehouse/ecommerce_dw.db/streaming_orders
2026-09-11 05:39:04,215 INFO  [77f80277-612b-4ae4-a0a5-9855d82be2bd main] ql.Context: New scratch dir is hdfs://localhost:9000/tmp/student/77f80277-612b-4ae4-a0a5-9855d82be2bd/hive_2026-09-11_05-39-02_186_7776364007680257826-1
2026-09-11 05:39:04,366 INFO  [77f80277-612b-4ae4-a0a5-9855d82be2bd main] exec.SerializationUtilities: Serializing MapWork using kryo
2026-09-11 05:39:04,595 INFO  [77f80277-612b-4ae4-a0a5-9855d82be2bd main] Configuration.deprecation: mapred.submit.replication is deprecated. Instead, use mapreduce.client.submit.file.replication
2026-09-11 05:39:04,606 INFO  [77f80277-612b-4ae4-a0a5-9855d82be2bd main] exec.Utilities: Serialized plan (via FILE) - name: null size: 6.88KB
2026-09-11 05:39:04,626 INFO  [77f80277-612b-4ae4-a0a5-9855d82be2bd main] exec.SerializationUtilities: Serializing ReduceWork using kryo
2026-09-11 05:39:04,684 INFO  [77f80277-612b-4ae4-a0a5-9855d82be2bd main] exec.Utilities: Serialized plan (via FILE) - name: null size: 6.73KB
2026-09-11 05:39:04,788 INFO  [77f80277-612b-4ae4-a0a5-9855d82be2bd main] client.DefaultNoHARMFailoverProxyProvider: Connecting to ResourceManager at /0.0.0.0:8032
2026-09-11 05:39:05,105 INFO  [77f80277-612b-4ae4-a0a5-9855d82be2bd main] client.DefaultNoHARMFailoverProxyProvider: Connecting to ResourceManager at /0.0.0.0:8032
2026-09-11 05:39:05,113 INFO  [77f80277-612b-4ae4-a0a5-9855d82be2bd main] exec.Utilities: PLAN PATH = hdfs://localhost:9000/tmp/student/77f80277-612b-4ae4-a0a5-9855d82be2bd/hive_2026-09-11_05-39-02_186_7776364007680257826-1/-mr-10005/884d0fa8-692d-4d31-8a1f-b5db0c9eb661/map.xml
2026-09-11 05:39:05,113 INFO  [77f80277-612b-4ae4-a0a5-9855d82be2bd main] exec.Utilities: PLAN PATH = hdfs://localhost:9000/tmp/student/77f80277-612b-4ae4-a0a5-9855d82be2bd/hive_2026-09-11_05-39-02_186_7776364007680257826-1/-mr-10005/884d0fa8-692d-4d31-8a1f-b5db0c9eb661/reduce.xml
2026-09-11 05:39:05,326 WARN  [77f80277-612b-4ae4-a0a5-9855d82be2bd main] mapreduce.JobResourceUploader: Hadoop command-line option parsing not performed. Implement the Tool interface and execute your application with ToolRunner to remedy this.
2026-09-11 05:39:05,367 INFO  [77f80277-612b-4ae4-a0a5-9855d82be2bd main] mapreduce.JobResourceUploader: Disabling Erasure Coding for path: /tmp/hadoop-yarn/staging/student/.staging/job_1789072689079_0001
2026-09-11 05:39:06,592 INFO  [77f80277-612b-4ae4-a0a5-9855d82be2bd main] exec.Utilities: PLAN PATH = hdfs://localhost:9000/tmp/student/77f80277-612b-4ae4-a0a5-9855d82be2bd/hive_2026-09-11_05-39-02_186_7776364007680257826-1/-mr-10005/884d0fa8-692d-4d31-8a1f-b5db0c9eb661/map.xml
2026-09-11 05:39:06,592 INFO  [77f80277-612b-4ae4-a0a5-9855d82be2bd main] io.CombineHiveInputFormat: Total number of paths: 1, launching 1 threads to check non-combinable ones.
2026-09-11 05:39:06,606 INFO  [77f80277-612b-4ae4-a0a5-9855d82be2bd main] io.CombineHiveInputFormat: CombineHiveInputSplit creating pool for hdfs://localhost:9000/user/hive/warehouse/ecommerce_dw.db/streaming_orders; using filter path hdfs://localhost:9000/user/hive/warehouse/ecommerce_dw.db/streaming_orders
2026-09-11 05:39:06,770 INFO  [77f80277-612b-4ae4-a0a5-9855d82be2bd main] input.FileInputFormat: Total input files to process : 598
2026-09-11 05:39:06,843 INFO  [77f80277-612b-4ae4-a0a5-9855d82be2bd main] io.CombineHiveInputFormat: number of splits 1
2026-09-11 05:39:06,843 INFO  [77f80277-612b-4ae4-a0a5-9855d82be2bd main] io.CombineHiveInputFormat: Number of all splits 1
2026-09-11 05:39:07,741 INFO  [77f80277-612b-4ae4-a0a5-9855d82be2bd main] mapreduce.JobSubmitter: number of splits:1
2026-09-11 05:39:07,758 INFO  [77f80277-612b-4ae4-a0a5-9855d82be2bd main] Configuration.deprecation: yarn.resourcemanager.system-metrics-publisher.enabled is deprecated. Instead, use yarn.system-metrics-publisher.enabled
2026-09-11 05:39:08,205 INFO  [77f80277-612b-4ae4-a0a5-9855d82be2bd main] mapreduce.JobSubmitter: Submitting tokens for job: job_1789072689079_0001
2026-09-11 05:39:08,205 INFO  [77f80277-612b-4ae4-a0a5-9855d82be2bd main] mapreduce.JobSubmitter: Executing with tokens: []
2026-09-11 05:39:08,459 INFO  [77f80277-612b-4ae4-a0a5-9855d82be2bd main] conf.Configuration: resource-types.xml not found
2026-09-11 05:39:08,460 INFO  [77f80277-612b-4ae4-a0a5-9855d82be2bd main] resource.ResourceUtils: Unable to find 'resource-types.xml'.
2026-09-11 05:39:09,152 INFO  [77f80277-612b-4ae4-a0a5-9855d82be2bd main] impl.YarnClientImpl: Submitted application application_1789072689079_0001
2026-09-11 05:39:09,220 INFO  [77f80277-612b-4ae4-a0a5-9855d82be2bd main] mapreduce.Job: The url to track the job: http://10.0.2.15:8088/proxy/application_1789072689079_0001/
Starting Job = job_1789072689079_0001, Tracking URL = http://10.0.2.15:8088/proxy/application_1789072689079_0001/
2026-09-11 05:39:09,222 INFO  [77f80277-612b-4ae4-a0a5-9855d82be2bd main] exec.Task: Starting Job = job_1789072689079_0001, Tracking URL = http://10.0.2.15:8088/proxy/application_1789072689079_0001/
Kill Command = /home/hadoop/hadoop/bin/mapred job  -kill job_1789072689079_0001
2026-09-11 05:39:09,222 INFO  [77f80277-612b-4ae4-a0a5-9855d82be2bd main] exec.Task: Kill Command = /home/hadoop/hadoop/bin/mapred job  -kill job_1789072689079_0001
Hadoop job information for Stage-1: number of mappers: 1; number of reducers: 1
2026-09-11 05:39:32,061 INFO  [77f80277-612b-4ae4-a0a5-9855d82be2bd main] exec.Task: Hadoop job information for Stage-1: number of mappers: 1; number of reducers: 1
2026-09-11 05:39:32,137 WARN  [77f80277-612b-4ae4-a0a5-9855d82be2bd main] mapreduce.Counters: Group org.apache.hadoop.mapred.Task$Counter is deprecated. Use org.apache.hadoop.mapreduce.TaskCounter instead
2026-09-11 05:39:32,127 Stage-1 map = 0%,  reduce = 0%
2026-09-11 05:39:32,138 INFO  [77f80277-612b-4ae4-a0a5-9855d82be2bd main] exec.Task: 2026-09-11 05:39:32,127 Stage-1 map = 0%,  reduce = 0%
2026-09-11 05:40:33,115 WARN  [77f80277-612b-4ae4-a0a5-9855d82be2bd main] mapreduce.Counters: Group org.apache.hadoop.mapred.Task$Counter is deprecated. Use org.apache.hadoop.mapreduce.TaskCounter instead
2026-09-11 05:40:33,115 Stage-1 map = 0%,  reduce = 0%
2026-09-11 05:40:33,115 INFO  [77f80277-612b-4ae4-a0a5-9855d82be2bd main] exec.Task: 2026-09-11 05:40:33,115 Stage-1 map = 0%,  reduce = 0%
2026-09-11 05:41:17,076 WARN  [77f80277-612b-4ae4-a0a5-9855d82be2bd main] mapreduce.Counters: Group org.apache.hadoop.mapred.Task$Counter is deprecated. Use org.apache.hadoop.mapreduce.TaskCounter instead
2026-09-11 05:41:17,076 Stage-1 map = 100%,  reduce = 100%
2026-09-11 05:41:17,076 INFO  [77f80277-612b-4ae4-a0a5-9855d82be2bd main] exec.Task: 2026-09-11 05:41:17,076 Stage-1 map = 100%,  reduce = 100%
2026-09-11 05:41:19,132 WARN  [77f80277-612b-4ae4-a0a5-9855d82be2bd main] mapreduce.Counters: Group org.apache.hadoop.mapred.Task$Counter is deprecated. Use org.apache.hadoop.mapreduce.TaskCounter instead
Ended Job = job_1789072689079_0001 with errors
2026-09-11 05:41:19,169 ERROR [77f80277-612b-4ae4-a0a5-9855d82be2bd main] exec.Task: Ended Job = job_1789072689079_0001 with errors
Error during job, obtaining debugging information...
2026-09-11 05:41:19,172 ERROR [Thread-25] exec.Task: Error during job, obtaining debugging information...
2026-09-11 05:41:19,173 INFO  [Thread-25] Configuration.deprecation: mapred.job.tracker is deprecated. Instead, use mapreduce.jobtracker.address
Examining task ID: task_1789072689079_0001_m_000000 (and more) from job job_1789072689079_0001
2026-09-11 05:41:19,179 ERROR [Thread-26] exec.Task: Examining task ID: task_1789072689079_0001_m_000000 (and more) from job job_1789072689079_0001
2026-09-11 05:41:19,179 WARN  [Thread-26] shims.HadoopShimsSecure: Can't fetch tasklog: TaskLogServlet is not supported in MR2 mode.
2026-09-11 05:41:19,208 WARN  [Thread-26] shims.HadoopShimsSecure: Can't fetch tasklog: TaskLogServlet is not supported in MR2 mode.
2026-09-11 05:41:19,209 WARN  [Thread-26] shims.HadoopShimsSecure: Can't fetch tasklog: TaskLogServlet is not supported in MR2 mode.
2026-09-11 05:41:19,210 WARN  [Thread-26] shims.HadoopShimsSecure: Can't fetch tasklog: TaskLogServlet is not supported in MR2 mode.

Task with the most failures(4): 
-----
Task ID:
  task_1789072689079_0001_m_000000

URL:
  http://0.0.0.0:8088/taskdetails.jsp?jobid=job_1789072689079_0001&tipid=task_1789072689079_0001_m_000000
-----
Diagnostic Messages for this Task:
Error: java.io.IOException: java.lang.reflect.InvocationTargetException
	at org.apache.hadoop.hive.io.HiveIOExceptionHandlerChain.handleRecordReaderCreationException(HiveIOExceptionHandlerChain.java:97)
	at org.apache.hadoop.hive.io.HiveIOExceptionHandlerUtil.handleRecordReaderCreationException(HiveIOExceptionHandlerUtil.java:57)
	at org.apache.hadoop.hive.shims.HadoopShimsSecure$CombineFileRecordReader.initNextRecordReader(HadoopShimsSecure.java:271)
	at org.apache.hadoop.hive.shims.HadoopShimsSecure$CombineFileRecordReader.<init>(HadoopShimsSecure.java:217)
	at org.apache.hadoop.hive.shims.HadoopShimsSecure$CombineFileInputFormatShim.getRecordReader(HadoopShimsSecure.java:345)
	at org.apache.hadoop.hive.ql.io.CombineHiveInputFormat.getRecordReader(CombineHiveInputFormat.java:719)
	at org.apache.hadoop.mapred.MapTask$TrackedRecordReader.<init>(MapTask.java:176)
	at org.apache.hadoop.mapred.MapTask.runOldMapper(MapTask.java:445)
	at org.apache.hadoop.mapred.MapTask.run(MapTask.java:350)
	at org.apache.hadoop.mapred.YarnChild$2.run(YarnChild.java:178)
	at java.security.AccessController.doPrivileged(Native Method)
	at javax.security.auth.Subject.doAs(Subject.java:422)
	at org.apache.hadoop.security.UserGroupInformation.doAs(UserGroupInformation.java:1878)
	at org.apache.hadoop.mapred.YarnChild.main(YarnChild.java:172)
Caused by: java.lang.reflect.InvocationTargetException
	at sun.reflect.NativeConstructorAccessorImpl.newInstance0(Native Method)
	at sun.reflect.NativeConstructorAccessorImpl.newInstance(NativeConstructorAccessorImpl.java:62)
	at sun.reflect.DelegatingConstructorAccessorImpl.newInstance(DelegatingConstructorAccessorImpl.java:45)
	at java.lang.reflect.Constructor.newInstance(Constructor.java:423)
	at org.apache.hadoop.hive.shims.HadoopShimsSecure$CombineFileRecordReader.initNextRecordReader(HadoopShimsSecure.java:257)
	... 11 more
Caused by: java.lang.RuntimeException: org.apache.hadoop.hdfs.BlockMissingException: Could not obtain block: BP-1852854795-127.0.0.1-1627178914058:blk_1073744467_3643 file=/user/hive/warehouse/ecommerce_dw.db/streaming_orders/part-00000-0007a61f-eb74-4194-b040-a1fb73b1206b-c000.snappy.parquet
	at org.apache.hadoop.hive.ql.io.parquet.vector.VectorizedParquetRecordReader.<init>(VectorizedParquetRecordReader.java:156)
	at org.apache.hadoop.hive.ql.io.parquet.VectorizedParquetInputFormat.getRecordReader(VectorizedParquetInputFormat.java:50)
	at org.apache.hadoop.hive.ql.io.parquet.MapredParquetInputFormat.getRecordReader(MapredParquetInputFormat.java:87)
	at org.apache.hadoop.hive.ql.io.CombineHiveRecordReader.<init>(CombineHiveRecordReader.java:99)
	... 16 more
Caused by: org.apache.hadoop.hdfs.BlockMissingException: Could not obtain block: BP-1852854795-127.0.0.1-1627178914058:blk_1073744467_3643 file=/user/hive/warehouse/ecommerce_dw.db/streaming_orders/part-00000-0007a61f-eb74-4194-b040-a1fb73b1206b-c000.snappy.parquet
	at org.apache.hadoop.hdfs.DFSInputStream.refetchLocations(DFSInputStream.java:1007)
	at org.apache.hadoop.hdfs.DFSInputStream.chooseDataNode(DFSInputStream.java:990)
	at org.apache.hadoop.hdfs.DFSInputStream.chooseDataNode(DFSInputStream.java:969)
	at org.apache.hadoop.hdfs.DFSInputStream.blockSeekTo(DFSInputStream.java:677)
	at org.apache.hadoop.hdfs.DFSInputStream.readWithStrategy(DFSInputStream.java:884)
	at org.apache.hadoop.hdfs.DFSInputStream.read(DFSInputStream.java:957)
	at org.apache.hadoop.hdfs.DFSInputStream.read(DFSInputStream.java:804)
	at java.io.FilterInputStream.read(FilterInputStream.java:83)
	at org.apache.parquet.io.DelegatingSeekableInputStream.read(DelegatingSeekableInputStream.java:61)
	at org.apache.parquet.bytes.BytesUtils.readIntLittleEndian(BytesUtils.java:80)
	at org.apache.parquet.hadoop.ParquetFileReader.readFooter(ParquetFileReader.java:520)
	at org.apache.parquet.hadoop.ParquetFileReader.readFooter(ParquetFileReader.java:505)
	at org.apache.parquet.hadoop.ParquetFileReader.readFooter(ParquetFileReader.java:499)
	at org.apache.parquet.hadoop.ParquetFileReader.readFooter(ParquetFileReader.java:448)
	at org.apache.parquet.hadoop.ParquetFileReader.readFooter(ParquetFileReader.java:433)
	at org.apache.hadoop.hive.ql.io.parquet.ParquetRecordReaderBase.getSplit(ParquetRecordReaderBase.java:79)
	at org.apache.hadoop.hive.ql.io.parquet.vector.VectorizedParquetRecordReader.<init>(VectorizedParquetRecordReader.java:149)
	... 19 more


2026-09-11 05:41:19,322 ERROR [Thread-25] exec.Task: 957)
	at org.apache.hadoop.hdfs.DFSInputStream.read(DFSInputStream.java:804)
	at java.io.FilterInputStream.read(FilterInputStream.java:83)
	at org.apache.parquet.io.DelegatingSeekableInputStream.read(DelegatingSeekableInputStream.java:61)
	at org.apache.parquet.bytes.BytesUtils.readIntLittleEndian(BytesUtils.java:80)
	at org.apache.parquet.hadoop.ParquetFileReader.readFooter(ParquetFileReader.java:520)
	at org.apache.parquet.hadoop.ParquetFileReader.readFooter(ParquetFileReader.java:505)
	at org.apache.parquet.hadoop.ParquetFileReader.readFooter(ParquetFileReader.java:499)
	at org.apache.parquet.hadoop.ParquetFileReader.readFooter(ParquetFileReader.java:448)
	at org.apache.parquet.hadoop.ParquetFileReader.readFooter(ParquetFileReader.java:433)
	at org.apache.hadoop.hive.ql.io.parquet.ParquetRecordReaderBase.getSplit(ParquetRecordReaderBase.java:79)
	at org.apache.hadoop.hive.ql.io.parquet.vector.VectorizedParquetRecordReader.<init>(VectorizedParquetRecordReader.java:149)
	... 19 more


2026-09-11 05:41:19,366 INFO  [77f80277-612b-4ae4-a0a5-9855d82be2bd main] impl.YarnClientImpl: Killed application application_1789072689079_0001
2026-09-11 05:41:19,374 INFO  [77f80277-612b-4ae4-a0a5-9855d82be2bd main] reexec.ReOptimizePlugin: ReOptimization: retryPossible: false
FAILED: Execution Error, return code 2 from org.apache.hadoop.hive.ql.exec.mr.MapRedTask
2026-09-11 05:41:19,374 ERROR [77f80277-612b-4ae4-a0a5-9855d82be2bd main] ql.Driver: FAILED: Execution Error, return code 2 from org.apache.hadoop.hive.ql.exec.mr.MapRedTask
MapReduce Jobs Launched: 
2026-09-11 05:41:19,386 INFO  [77f80277-612b-4ae4-a0a5-9855d82be2bd main] ql.Driver: MapReduce Jobs Launched: 
2026-09-11 05:41:19,392 WARN  [77f80277-612b-4ae4-a0a5-9855d82be2bd main] mapreduce.Counters: Group FileSystemCounters is deprecated. Use org.apache.hadoop.mapreduce.FileSystemCounter instead
Stage-Stage-1: Map: 1  Reduce: 1   HDFS Read: 0 HDFS Write: 0 FAIL
2026-09-11 05:41:19,393 INFO  [77f80277-612b-4ae4-a0a5-9855d82be2bd main] ql.Driver: Stage-Stage-1: Map: 1  Reduce: 1   HDFS Read: 0 HDFS Write: 0 FAIL
Total MapReduce CPU Time Spent: 0 msec
2026-09-11 05:41:19,393 INFO  [77f80277-612b-4ae4-a0a5-9855d82be2bd main] ql.Driver: Total MapReduce CPU Time Spent: 0 msec
2026-09-11 05:41:19,393 INFO  [77f80277-612b-4ae4-a0a5-9855d82be2bd main] ql.Driver: Completed executing command(queryId=student_20260911053902_f48c7da3-7d41-4860-8feb-40c2b47428e1); Time taken: 135.276 seconds
2026-09-11 05:41:19,393 INFO  [77f80277-612b-4ae4-a0a5-9855d82be2bd main] ql.Driver: Concurrency mode is disabled, not creating a lock manager
2026-09-11 05:41:19,396 INFO  [77f80277-612b-4ae4-a0a5-9855d82be2bd main] exec.ListSinkOperator: RECORDS_OUT_OPERATOR_LIST_SINK_10:0, RECORDS_OUT_INTERMEDIATE:0, 
2026-09-11 05:41:19,409 INFO  [77f80277-612b-4ae4-a0a5-9855d82be2bd main] conf.HiveConf: Using the default value passed in for log id: 77f80277-612b-4ae4-a0a5-9855d82be2bd
2026-09-11 05:41:19,409 INFO  [77f80277-612b-4ae4-a0a5-9855d82be2bd main] session.SessionState: Resetting thread name to  main
2026-09-11 05:41:19,410 INFO  [main] conf.HiveConf: Using the default value passed in for log id: 77f80277-612b-4ae4-a0a5-9855d82be2bd
2026-09-11 05:41:19,419 INFO  [main] session.SessionState: Deleted directory: /tmp/student/77f80277-612b-4ae4-a0a5-9855d82be2bd on fs with scheme hdfs
2026-09-11 05:41:19,419 INFO  [main] session.SessionState: Deleted directory: /tmp/student/77f80277-612b-4ae4-a0a5-9855d82be2bd on fs with scheme file
2026-09-11 05:41:19,442 INFO  [main] metastore.HiveMetaStore: 0: Cleaning up thread local RawStore...
2026-09-11 05:41:19,442 INFO  [main] HiveMetaStore.audit: ugi=student	ip=unknown-ip-addr	cmd=Cleaning up thread local RawStore...	
2026-09-11 05:41:19,442 INFO  [main] metastore.HiveMetaStore: 0: Done cleaning up thread local RawStore
2026-09-11 05:41:19,442 INFO  [main] HiveMetaStore.audit: ugi=student	ip=unknown-ip-addr	cmd=Done cleaning up thread local RawStore	
2026-09-11 05:56:19,634 INFO  [main] conf.HiveConf: Found configuration file file:/usr/local/hive/hive-3.1.2/conf/hive-site.xml
Hive Session ID = b96696e3-d32e-4782-97ab-8625365df1ab
2026-09-11 05:56:21,085 INFO  [main] SessionState: Hive Session ID = b96696e3-d32e-4782-97ab-8625365df1ab

Logging initialized using configuration in jar:file:/usr/local/hive/hive-3.1.2/lib/hive-common-3.1.2.jar!/hive-log4j2.properties Async: true
2026-09-11 05:56:21,127 INFO  [main] SessionState: 
Logging initialized using configuration in jar:file:/usr/local/hive/hive-3.1.2/lib/hive-common-3.1.2.jar!/hive-log4j2.properties Async: true
2026-09-11 05:56:23,187 INFO  [main] session.SessionState: Created HDFS directory: /tmp/student/b96696e3-d32e-4782-97ab-8625365df1ab
2026-09-11 05:56:23,214 INFO  [main] session.SessionState: Created local directory: /tmp/student/b96696e3-d32e-4782-97ab-8625365df1ab
2026-09-11 05:56:23,226 INFO  [main] session.SessionState: Created HDFS directory: /tmp/student/b96696e3-d32e-4782-97ab-8625365df1ab/_tmp_space.db
2026-09-11 05:56:23,239 INFO  [main] conf.HiveConf: Using the default value passed in for log id: b96696e3-d32e-4782-97ab-8625365df1ab
2026-09-11 05:56:23,239 INFO  [main] session.SessionState: Updating thread name to b96696e3-d32e-4782-97ab-8625365df1ab main
2026-09-11 05:56:24,998 INFO  [b96696e3-d32e-4782-97ab-8625365df1ab main] metastore.HiveMetaStore: 0: Opening raw store with implementation class:org.apache.hadoop.hive.metastore.ObjectStore
2026-09-11 05:56:25,078 WARN  [b96696e3-d32e-4782-97ab-8625365df1ab main] metastore.ObjectStore: datanucleus.autoStartMechanismMode is set to unsupported value null . Setting it to value: ignored
2026-09-11 05:56:25,097 INFO  [b96696e3-d32e-4782-97ab-8625365df1ab main] metastore.ObjectStore: ObjectStore, initialize called
2026-09-11 05:56:25,099 INFO  [b96696e3-d32e-4782-97ab-8625365df1ab main] conf.MetastoreConf: Found configuration file file:/usr/local/hive/hive-3.1.2/conf/hive-site.xml
2026-09-11 05:56:25,100 INFO  [b96696e3-d32e-4782-97ab-8625365df1ab main] conf.MetastoreConf: Unable to find config file hivemetastore-site.xml
2026-09-11 05:56:25,100 INFO  [b96696e3-d32e-4782-97ab-8625365df1ab main] conf.MetastoreConf: Found configuration file null
2026-09-11 05:56:25,101 INFO  [b96696e3-d32e-4782-97ab-8625365df1ab main] conf.MetastoreConf: Unable to find config file metastore-site.xml
2026-09-11 05:56:25,101 INFO  [b96696e3-d32e-4782-97ab-8625365df1ab main] conf.MetastoreConf: Found configuration file null
2026-09-11 05:56:25,504 INFO  [b96696e3-d32e-4782-97ab-8625365df1ab main] DataNucleus.Persistence: Property datanucleus.cache.level2 unknown - will be ignored
2026-09-11 05:56:26,299 INFO  [b96696e3-d32e-4782-97ab-8625365df1ab main] hikari.HikariDataSource: HikariPool-1 - Starting...
2026-09-11 05:56:26,772 INFO  [b96696e3-d32e-4782-97ab-8625365df1ab main] hikari.HikariDataSource: HikariPool-1 - Start completed.
2026-09-11 05:56:26,874 INFO  [b96696e3-d32e-4782-97ab-8625365df1ab main] hikari.HikariDataSource: HikariPool-2 - Starting...
2026-09-11 05:56:26,882 INFO  [b96696e3-d32e-4782-97ab-8625365df1ab main] hikari.HikariDataSource: HikariPool-2 - Start completed.
2026-09-11 05:56:26,973 INFO  [b96696e3-d32e-4782-97ab-8625365df1ab main] metastore.ObjectStore: Setting MetaStore object pin classes with hive.metastore.cache.pinobjtypes="Table,StorageDescriptor,SerDeInfo,Partition,Database,Type,FieldSchema,Order"
2026-09-11 05:56:27,104 INFO  [b96696e3-d32e-4782-97ab-8625365df1ab main] metastore.MetaStoreDirectSql: Using direct SQL, underlying DB is MYSQL
2026-09-11 05:56:27,106 INFO  [b96696e3-d32e-4782-97ab-8625365df1ab main] metastore.ObjectStore: Initialized ObjectStore
2026-09-11 05:56:27,261 WARN  [b96696e3-d32e-4782-97ab-8625365df1ab main] DataNucleus.MetaData: Metadata has jdbc-type of null yet this is not valid. Ignored
2026-09-11 05:56:27,261 WARN  [b96696e3-d32e-4782-97ab-8625365df1ab main] DataNucleus.MetaData: Metadata has jdbc-type of null yet this is not valid. Ignored
2026-09-11 05:56:27,262 WARN  [b96696e3-d32e-4782-97ab-8625365df1ab main] DataNucleus.MetaData: Metadata has jdbc-type of null yet this is not valid. Ignored
2026-09-11 05:56:27,262 WARN  [b96696e3-d32e-4782-97ab-8625365df1ab main] DataNucleus.MetaData: Metadata has jdbc-type of null yet this is not valid. Ignored
2026-09-11 05:56:27,262 WARN  [b96696e3-d32e-4782-97ab-8625365df1ab main] DataNucleus.MetaData: Metadata has jdbc-type of null yet this is not valid. Ignored
2026-09-11 05:56:27,262 WARN  [b96696e3-d32e-4782-97ab-8625365df1ab main] DataNucleus.MetaData: Metadata has jdbc-type of null yet this is not valid. Ignored
2026-09-11 05:56:29,116 WARN  [b96696e3-d32e-4782-97ab-8625365df1ab main] DataNucleus.MetaData: Metadata has jdbc-type of null yet this is not valid. Ignored
2026-09-11 05:56:29,116 WARN  [b96696e3-d32e-4782-97ab-8625365df1ab main] DataNucleus.MetaData: Metadata has jdbc-type of null yet this is not valid. Ignored
2026-09-11 05:56:29,117 WARN  [b96696e3-d32e-4782-97ab-8625365df1ab main] DataNucleus.MetaData: Metadata has jdbc-type of null yet this is not valid. Ignored
2026-09-11 05:56:29,117 WARN  [b96696e3-d32e-4782-97ab-8625365df1ab main] DataNucleus.MetaData: Metadata has jdbc-type of null yet this is not valid. Ignored
2026-09-11 05:56:29,117 WARN  [b96696e3-d32e-4782-97ab-8625365df1ab main] DataNucleus.MetaData: Metadata has jdbc-type of null yet this is not valid. Ignored
2026-09-11 05:56:29,117 WARN  [b96696e3-d32e-4782-97ab-8625365df1ab main] DataNucleus.MetaData: Metadata has jdbc-type of null yet this is not valid. Ignored
2026-09-11 05:56:31,877 INFO  [b96696e3-d32e-4782-97ab-8625365df1ab main] metastore.HiveMetaStore: Added admin role in metastore
2026-09-11 05:56:31,879 INFO  [b96696e3-d32e-4782-97ab-8625365df1ab main] metastore.HiveMetaStore: Added public role in metastore
2026-09-11 05:56:31,902 INFO  [b96696e3-d32e-4782-97ab-8625365df1ab main] metastore.HiveMetaStore: No user is added in admin role, since config is empty
2026-09-11 05:56:32,073 INFO  [b96696e3-d32e-4782-97ab-8625365df1ab main] metastore.RetryingMetaStoreClient: RetryingMetaStoreClient proxy=class org.apache.hadoop.hive.ql.metadata.SessionHiveMetaStoreClient ugi=student (auth:SIMPLE) retries=1 delay=1 lifetime=0
2026-09-11 05:56:32,103 INFO  [b96696e3-d32e-4782-97ab-8625365df1ab main] metastore.HiveMetaStore: 0: get_all_functions
2026-09-11 05:56:32,106 INFO  [b96696e3-d32e-4782-97ab-8625365df1ab main] HiveMetaStore.audit: ugi=student	ip=unknown-ip-addr	cmd=get_all_functions	
Hive Session ID = 868939c2-2b68-432b-90db-14640dee9be9
2026-09-11 05:56:32,147 INFO  [pool-10-thread-1] SessionState: Hive Session ID = 868939c2-2b68-432b-90db-14640dee9be9
2026-09-11 05:56:32,172 INFO  [pool-10-thread-1] session.SessionState: Created HDFS directory: /tmp/student/868939c2-2b68-432b-90db-14640dee9be9
2026-09-11 05:56:32,178 INFO  [pool-10-thread-1] session.SessionState: Created local directory: /tmp/student/868939c2-2b68-432b-90db-14640dee9be9
2026-09-11 05:56:32,183 INFO  [b96696e3-d32e-4782-97ab-8625365df1ab main] conf.HiveConf: Using the default value passed in for log id: b96696e3-d32e-4782-97ab-8625365df1ab
2026-09-11 05:56:32,193 INFO  [pool-10-thread-1] session.SessionState: Created HDFS directory: /tmp/student/868939c2-2b68-432b-90db-14640dee9be9/_tmp_space.db
2026-09-11 05:56:32,205 INFO  [pool-10-thread-1] metastore.HiveMetaStore: 1: get_databases: @hive#
2026-09-11 05:56:32,206 INFO  [pool-10-thread-1] HiveMetaStore.audit: ugi=student	ip=unknown-ip-addr	cmd=get_databases: @hive#	
2026-09-11 05:56:32,209 INFO  [pool-10-thread-1] metastore.HiveMetaStore: 1: Opening raw store with implementation class:org.apache.hadoop.hive.metastore.ObjectStore
2026-09-11 05:56:32,215 INFO  [pool-10-thread-1] metastore.ObjectStore: ObjectStore, initialize called
2026-09-11 05:56:32,282 INFO  [pool-10-thread-1] metastore.MetaStoreDirectSql: Using direct SQL, underlying DB is MYSQL
2026-09-11 05:56:32,284 INFO  [pool-10-thread-1] metastore.ObjectStore: Initialized ObjectStore
2026-09-11 05:56:32,339 INFO  [pool-10-thread-1] metastore.HiveMetaStore: 1: get_tables_by_type: db=@hive#default pat=.*,type=MATERIALIZED_VIEW
2026-09-11 05:56:32,339 INFO  [pool-10-thread-1] HiveMetaStore.audit: ugi=student	ip=unknown-ip-addr	cmd=get_tables_by_type: db=@hive#default pat=.*,type=MATERIALIZED_VIEW	
2026-09-11 05:56:32,352 INFO  [pool-10-thread-1] metastore.HiveMetaStore: 1: get_multi_table : db=default tbls=
2026-09-11 05:56:32,352 INFO  [pool-10-thread-1] HiveMetaStore.audit: ugi=student	ip=unknown-ip-addr	cmd=get_multi_table : db=default tbls=	
2026-09-11 05:56:32,355 INFO  [pool-10-thread-1] metastore.HiveMetaStore: 1: get_tables_by_type: db=@hive#ecommerce_dw pat=.*,type=MATERIALIZED_VIEW
2026-09-11 05:56:32,355 INFO  [pool-10-thread-1] HiveMetaStore.audit: ugi=student	ip=unknown-ip-addr	cmd=get_tables_by_type: db=@hive#ecommerce_dw pat=.*,type=MATERIALIZED_VIEW	
2026-09-11 05:56:32,358 INFO  [pool-10-thread-1] metastore.HiveMetaStore: 1: get_multi_table : db=ecommerce_dw tbls=
2026-09-11 05:56:32,358 INFO  [pool-10-thread-1] HiveMetaStore.audit: ugi=student	ip=unknown-ip-addr	cmd=get_multi_table : db=ecommerce_dw tbls=	
2026-09-11 05:56:32,358 INFO  [pool-10-thread-1] metadata.HiveMaterializedViewsRegistry: Materialized views registry has been initialized
2026-09-11 05:56:32,375 INFO  [b96696e3-d32e-4782-97ab-8625365df1ab main] ql.Driver: Compiling command(queryId=student_20260911055632_6620d3e5-4168-4c07-9501-be3f85fe214b): CREATE DATABASE IF NOT EXISTS ecommerce_dw
2026-09-11 05:56:33,231 INFO  [b96696e3-d32e-4782-97ab-8625365df1ab main] ql.Driver: Concurrency mode is disabled, not creating a lock manager
2026-09-11 05:56:33,240 INFO  [b96696e3-d32e-4782-97ab-8625365df1ab main] ql.Driver: Semantic Analysis Completed (retrial = false)
2026-09-11 05:56:33,241 INFO  [b96696e3-d32e-4782-97ab-8625365df1ab main] ql.Driver: Returning Hive schema: Schema(fieldSchemas:null, properties:null)
2026-09-11 05:56:33,246 INFO  [b96696e3-d32e-4782-97ab-8625365df1ab main] ql.Driver: Completed compiling command(queryId=student_20260911055632_6620d3e5-4168-4c07-9501-be3f85fe214b); Time taken: 0.894 seconds
2026-09-11 05:56:33,246 INFO  [b96696e3-d32e-4782-97ab-8625365df1ab main] reexec.ReExecDriver: Execution #1 of query
2026-09-11 05:56:33,247 INFO  [b96696e3-d32e-4782-97ab-8625365df1ab main] ql.Driver: Concurrency mode is disabled, not creating a lock manager
2026-09-11 05:56:33,247 INFO  [b96696e3-d32e-4782-97ab-8625365df1ab main] ql.Driver: Executing command(queryId=student_20260911055632_6620d3e5-4168-4c07-9501-be3f85fe214b): CREATE DATABASE IF NOT EXISTS ecommerce_dw
2026-09-11 05:56:33,253 INFO  [b96696e3-d32e-4782-97ab-8625365df1ab main] ql.Driver: Starting task [Stage-0:DDL] in serial mode
2026-09-11 05:56:33,283 INFO  [b96696e3-d32e-4782-97ab-8625365df1ab main] sqlstd.SQLStdHiveAccessController: Created SQLStdHiveAccessController for session context : HiveAuthzSessionContext [sessionString=b96696e3-d32e-4782-97ab-8625365df1ab, clientType=HIVECLI]
2026-09-11 05:56:33,285 WARN  [b96696e3-d32e-4782-97ab-8625365df1ab main] session.SessionState: METASTORE_FILTER_HOOK will be ignored, since hive.security.authorization.manager is set to instance of HiveAuthorizerFactory.
2026-09-11 05:56:33,285 INFO  [b96696e3-d32e-4782-97ab-8625365df1ab main] metastore.HiveMetaStoreClient: Mestastore configuration metastore.filter.hook changed from org.apache.hadoop.hive.metastore.DefaultMetaStoreFilterHookImpl to org.apache.hadoop.hive.ql.security.authorization.plugin.AuthorizationMetaStoreFilterHook
2026-09-11 05:56:33,287 INFO  [b96696e3-d32e-4782-97ab-8625365df1ab main] metastore.HiveMetaStore: 0: Cleaning up thread local RawStore...
2026-09-11 05:56:33,287 INFO  [b96696e3-d32e-4782-97ab-8625365df1ab main] HiveMetaStore.audit: ugi=student	ip=unknown-ip-addr	cmd=Cleaning up thread local RawStore...	
2026-09-11 05:56:33,287 INFO  [b96696e3-d32e-4782-97ab-8625365df1ab main] metastore.HiveMetaStore: 0: Done cleaning up thread local RawStore
2026-09-11 05:56:33,287 INFO  [b96696e3-d32e-4782-97ab-8625365df1ab main] HiveMetaStore.audit: ugi=student	ip=unknown-ip-addr	cmd=Done cleaning up thread local RawStore	
2026-09-11 05:56:33,289 INFO  [b96696e3-d32e-4782-97ab-8625365df1ab main] metastore.HiveMetaStore: 0: Opening raw store with implementation class:org.apache.hadoop.hive.metastore.ObjectStore
2026-09-11 05:56:33,289 WARN  [b96696e3-d32e-4782-97ab-8625365df1ab main] metastore.ObjectStore: datanucleus.autoStartMechanismMode is set to unsupported value null . Setting it to value: ignored
2026-09-11 05:56:33,291 INFO  [b96696e3-d32e-4782-97ab-8625365df1ab main] metastore.ObjectStore: ObjectStore, initialize called
2026-09-11 05:56:33,309 INFO  [b96696e3-d32e-4782-97ab-8625365df1ab main] metastore.MetaStoreDirectSql: Using direct SQL, underlying DB is MYSQL
2026-09-11 05:56:33,309 INFO  [b96696e3-d32e-4782-97ab-8625365df1ab main] metastore.ObjectStore: Initialized ObjectStore
2026-09-11 05:56:33,309 INFO  [b96696e3-d32e-4782-97ab-8625365df1ab main] metastore.RetryingMetaStoreClient: RetryingMetaStoreClient proxy=class org.apache.hadoop.hive.ql.metadata.SessionHiveMetaStoreClient ugi=student (auth:SIMPLE) retries=1 delay=1 lifetime=0
2026-09-11 05:56:33,312 WARN  [b96696e3-d32e-4782-97ab-8625365df1ab main] metastore.ObjectStore: datanucleus.autoStartMechanismMode is set to unsupported value null . Setting it to value: ignored
2026-09-11 05:56:33,312 INFO  [b96696e3-d32e-4782-97ab-8625365df1ab main] metastore.ObjectStore: ObjectStore, initialize called
2026-09-11 05:56:33,315 INFO  [b96696e3-d32e-4782-97ab-8625365df1ab main] metastore.MetaStoreDirectSql: Using direct SQL, underlying DB is MYSQL
2026-09-11 05:56:33,315 INFO  [b96696e3-d32e-4782-97ab-8625365df1ab main] metastore.ObjectStore: Initialized ObjectStore
2026-09-11 05:56:33,316 INFO  [b96696e3-d32e-4782-97ab-8625365df1ab main] metastore.RetryingMetaStoreClient: RetryingMetaStoreClient proxy=class org.apache.hadoop.hive.ql.metadata.SessionHiveMetaStoreClient ugi=student (auth:SIMPLE) retries=1 delay=1 lifetime=0
2026-09-11 05:56:33,316 INFO  [b96696e3-d32e-4782-97ab-8625365df1ab main] metastore.HiveMetaStore: 0: create_database: Database(name:ecommerce_dw, description:null, locationUri:hdfs://localhost:9000/user/hive/warehouse/ecommerce_dw.db, parameters:null, ownerName:student, ownerType:USER, catalogName:hive)
2026-09-11 05:56:33,316 INFO  [b96696e3-d32e-4782-97ab-8625365df1ab main] HiveMetaStore.audit: ugi=student	ip=unknown-ip-addr	cmd=create_database: Database(name:ecommerce_dw, description:null, locationUri:hdfs://localhost:9000/user/hive/warehouse/ecommerce_dw.db, parameters:null, ownerName:student, ownerType:USER, catalogName:hive)	
2026-09-11 05:56:33,322 ERROR [b96696e3-d32e-4782-97ab-8625365df1ab main] metastore.RetryingHMSHandler: ocalCmd(CliDriver.java:239)
	at org.apache.hadoop.hive.cli.CliDriver.processCmd(CliDriver.java:188)
	at org.apache.hadoop.hive.cli.CliDriver.processLine(CliDriver.java:402)
	at org.apache.hadoop.hive.cli.CliDriver.processLine(CliDriver.java:335)
	at org.apache.hadoop.hive.cli.CliDriver.processReader(CliDriver.java:471)
	at org.apache.hadoop.hive.cli.CliDriver.processFile(CliDriver.java:487)
	at org.apache.hadoop.hive.cli.CliDriver.executeDriver(CliDriver.java:793)
	at org.apache.hadoop.hive.cli.CliDriver.run(CliDriver.java:759)
	at org.apache.hadoop.hive.cli.CliDriver.main(CliDriver.java:683)
	at sun.reflect.NativeMethodAccessorImpl.invoke0(Native Method)
	at sun.reflect.NativeMethodAccessorImpl.invoke(NativeMethodAccessorImpl.java:62)
	at sun.reflect.DelegatingMethodAccessorImpl.invoke(DelegatingMethodAccessorImpl.java:43)
	at java.lang.reflect.Method.invoke(Method.java:498)
	at org.apache.hadoop.util.RunJar.run(RunJar.java:323)
	at org.apache.hadoop.util.RunJar.main(RunJar.java:236)

2026-09-11 05:56:33,323 INFO  [b96696e3-d32e-4782-97ab-8625365df1ab main] ql.Driver: Completed executing command(queryId=student_20260911055632_6620d3e5-4168-4c07-9501-be3f85fe214b); Time taken: 0.075 seconds
OK
2026-09-11 05:56:33,323 INFO  [b96696e3-d32e-4782-97ab-8625365df1ab main] ql.Driver: OK
2026-09-11 05:56:33,323 INFO  [b96696e3-d32e-4782-97ab-8625365df1ab main] ql.Driver: Concurrency mode is disabled, not creating a lock manager
Time taken: 0.974 seconds
2026-09-11 05:56:33,323 INFO  [b96696e3-d32e-4782-97ab-8625365df1ab main] CliDriver: Time taken: 0.974 seconds
2026-09-11 05:56:33,323 INFO  [b96696e3-d32e-4782-97ab-8625365df1ab main] conf.HiveConf: Using the default value passed in for log id: b96696e3-d32e-4782-97ab-8625365df1ab
2026-09-11 05:56:33,323 INFO  [b96696e3-d32e-4782-97ab-8625365df1ab main] session.SessionState: Resetting thread name to  main
2026-09-11 05:56:33,323 INFO  [main] conf.HiveConf: Using the default value passed in for log id: b96696e3-d32e-4782-97ab-8625365df1ab
2026-09-11 05:56:33,323 INFO  [main] session.SessionState: Updating thread name to b96696e3-d32e-4782-97ab-8625365df1ab main
2026-09-11 05:56:33,325 INFO  [b96696e3-d32e-4782-97ab-8625365df1ab main] ql.Driver: Compiling command(queryId=student_20260911055633_d576d589-167e-42b1-a711-5b53d9441341): 

USE ecommerce_dw
2026-09-11 05:56:33,337 INFO  [b96696e3-d32e-4782-97ab-8625365df1ab main] ql.Driver: Concurrency mode is disabled, not creating a lock manager
2026-09-11 05:56:33,337 INFO  [b96696e3-d32e-4782-97ab-8625365df1ab main] metastore.HiveMetaStore: 0: get_database: @hive#ecommerce_dw
2026-09-11 05:56:33,338 INFO  [b96696e3-d32e-4782-97ab-8625365df1ab main] HiveMetaStore.audit: ugi=student	ip=unknown-ip-addr	cmd=get_database: @hive#ecommerce_dw	
2026-09-11 05:56:33,342 INFO  [b96696e3-d32e-4782-97ab-8625365df1ab main] ql.Driver: Semantic Analysis Completed (retrial = false)
2026-09-11 05:56:33,342 INFO  [b96696e3-d32e-4782-97ab-8625365df1ab main] ql.Driver: Returning Hive schema: Schema(fieldSchemas:null, properties:null)
2026-09-11 05:56:33,342 INFO  [b96696e3-d32e-4782-97ab-8625365df1ab main] ql.Driver: Completed compiling command(queryId=student_20260911055633_d576d589-167e-42b1-a711-5b53d9441341); Time taken: 0.017 seconds
2026-09-11 05:56:33,342 INFO  [b96696e3-d32e-4782-97ab-8625365df1ab main] reexec.ReExecDriver: Execution #1 of query
2026-09-11 05:56:33,342 INFO  [b96696e3-d32e-4782-97ab-8625365df1ab main] ql.Driver: Concurrency mode is disabled, not creating a lock manager
2026-09-11 05:56:33,342 INFO  [b96696e3-d32e-4782-97ab-8625365df1ab main] ql.Driver: Executing command(queryId=student_20260911055633_d576d589-167e-42b1-a711-5b53d9441341): 

USE ecommerce_dw
2026-09-11 05:56:33,342 INFO  [b96696e3-d32e-4782-97ab-8625365df1ab main] ql.Driver: Starting task [Stage-0:DDL] in serial mode
2026-09-11 05:56:33,343 INFO  [b96696e3-d32e-4782-97ab-8625365df1ab main] metastore.HiveMetaStore: 0: get_database: @hive#ecommerce_dw
2026-09-11 05:56:33,343 INFO  [b96696e3-d32e-4782-97ab-8625365df1ab main] HiveMetaStore.audit: ugi=student	ip=unknown-ip-addr	cmd=get_database: @hive#ecommerce_dw	
2026-09-11 05:56:33,346 INFO  [b96696e3-d32e-4782-97ab-8625365df1ab main] metastore.HiveMetaStore: 0: get_database: @hive#ecommerce_dw
2026-09-11 05:56:33,346 INFO  [b96696e3-d32e-4782-97ab-8625365df1ab main] HiveMetaStore.audit: ugi=student	ip=unknown-ip-addr	cmd=get_database: @hive#ecommerce_dw	
2026-09-11 05:56:33,349 INFO  [b96696e3-d32e-4782-97ab-8625365df1ab main] ql.Driver: Completed executing command(queryId=student_20260911055633_d576d589-167e-42b1-a711-5b53d9441341); Time taken: 0.007 seconds
OK
2026-09-11 05:56:33,349 INFO  [b96696e3-d32e-4782-97ab-8625365df1ab main] ql.Driver: OK
2026-09-11 05:56:33,349 INFO  [b96696e3-d32e-4782-97ab-8625365df1ab main] ql.Driver: Concurrency mode is disabled, not creating a lock manager
Time taken: 0.024 seconds
2026-09-11 05:56:33,349 INFO  [b96696e3-d32e-4782-97ab-8625365df1ab main] CliDriver: Time taken: 0.024 seconds
2026-09-11 05:56:33,349 INFO  [b96696e3-d32e-4782-97ab-8625365df1ab main] conf.HiveConf: Using the default value passed in for log id: b96696e3-d32e-4782-97ab-8625365df1ab
2026-09-11 05:56:33,349 INFO  [b96696e3-d32e-4782-97ab-8625365df1ab main] session.SessionState: Resetting thread name to  main
2026-09-11 05:56:33,350 INFO  [main] conf.HiveConf: Using the default value passed in for log id: b96696e3-d32e-4782-97ab-8625365df1ab
2026-09-11 05:56:33,350 INFO  [main] session.SessionState: Updating thread name to b96696e3-d32e-4782-97ab-8625365df1ab main
2026-09-11 05:56:33,352 INFO  [b96696e3-d32e-4782-97ab-8625365df1ab main] ql.Driver: Compiling command(queryId=student_20260911055633_3fa0c8a1-1c59-4a86-a076-e8412143c8dd): 

CREATE EXTERNAL TABLE IF NOT EXISTS streaming_orders (
    order_id       INT,
    customer_id    INT,
    product_id     INT,
    quantity       INT,
    price          DOUBLE,
    total_amount   DOUBLE,
    order_timestamp TIMESTAMP
)
STORED AS PARQUET
LOCATION '/user/hive/warehouse/ecommerce_dw.db/streaming_orders'
2026-09-11 05:56:33,392 INFO  [b96696e3-d32e-4782-97ab-8625365df1ab main] ql.Driver: Concurrency mode is disabled, not creating a lock manager
2026-09-11 05:56:33,395 INFO  [b96696e3-d32e-4782-97ab-8625365df1ab main] parse.CalcitePlanner: Starting Semantic Analysis
2026-09-11 05:56:33,401 INFO  [b96696e3-d32e-4782-97ab-8625365df1ab main] parse.CalcitePlanner: Creating table ecommerce_dw.streaming_orders position=36
2026-09-11 05:56:33,419 INFO  [b96696e3-d32e-4782-97ab-8625365df1ab main] metastore.HiveMetaStore: 0: get_table : tbl=hive.ecommerce_dw.streaming_orders
2026-09-11 05:56:33,420 INFO  [b96696e3-d32e-4782-97ab-8625365df1ab main] HiveMetaStore.audit: ugi=student	ip=unknown-ip-addr	cmd=get_table : tbl=hive.ecommerce_dw.streaming_orders	
2026-09-11 05:56:33,543 INFO  [b96696e3-d32e-4782-97ab-8625365df1ab main] ql.Driver: Semantic Analysis Completed (retrial = false)
2026-09-11 05:56:33,543 INFO  [b96696e3-d32e-4782-97ab-8625365df1ab main] ql.Driver: Returning Hive schema: Schema(fieldSchemas:null, properties:null)
2026-09-11 05:56:33,543 INFO  [b96696e3-d32e-4782-97ab-8625365df1ab main] ql.Driver: Completed compiling command(queryId=student_20260911055633_3fa0c8a1-1c59-4a86-a076-e8412143c8dd); Time taken: 0.191 seconds
2026-09-11 05:56:33,544 INFO  [b96696e3-d32e-4782-97ab-8625365df1ab main] reexec.ReExecDriver: Execution #1 of query
2026-09-11 05:56:33,544 INFO  [b96696e3-d32e-4782-97ab-8625365df1ab main] ql.Driver: Concurrency mode is disabled, not creating a lock manager
2026-09-11 05:56:33,544 INFO  [b96696e3-d32e-4782-97ab-8625365df1ab main] ql.Driver: Executing command(queryId=student_20260911055633_3fa0c8a1-1c59-4a86-a076-e8412143c8dd): 

CREATE EXTERNAL TABLE IF NOT EXISTS streaming_orders (
    order_id       INT,
    customer_id    INT,
    product_id     INT,
    quantity       INT,
    price          DOUBLE,
    total_amount   DOUBLE,
    order_timestamp TIMESTAMP
)
STORED AS PARQUET
LOCATION '/user/hive/warehouse/ecommerce_dw.db/streaming_orders'
2026-09-11 05:56:33,551 INFO  [b96696e3-d32e-4782-97ab-8625365df1ab main] ql.Driver: Completed executing command(queryId=student_20260911055633_3fa0c8a1-1c59-4a86-a076-e8412143c8dd); Time taken: 0.007 seconds
OK
2026-09-11 05:56:33,551 INFO  [b96696e3-d32e-4782-97ab-8625365df1ab main] ql.Driver: OK
2026-09-11 05:56:33,551 INFO  [b96696e3-d32e-4782-97ab-8625365df1ab main] ql.Driver: Concurrency mode is disabled, not creating a lock manager
Time taken: 0.199 seconds
2026-09-11 05:56:33,551 INFO  [b96696e3-d32e-4782-97ab-8625365df1ab main] CliDriver: Time taken: 0.199 seconds
2026-09-11 05:56:33,551 INFO  [b96696e3-d32e-4782-97ab-8625365df1ab main] conf.HiveConf: Using the default value passed in for log id: b96696e3-d32e-4782-97ab-8625365df1ab
2026-09-11 05:56:33,551 INFO  [b96696e3-d32e-4782-97ab-8625365df1ab main] session.SessionState: Resetting thread name to  main
2026-09-11 05:56:33,551 INFO  [main] conf.HiveConf: Using the default value passed in for log id: b96696e3-d32e-4782-97ab-8625365df1ab
2026-09-11 05:56:33,551 INFO  [main] session.SessionState: Updating thread name to b96696e3-d32e-4782-97ab-8625365df1ab main
2026-09-11 05:56:33,554 INFO  [b96696e3-d32e-4782-97ab-8625365df1ab main] ql.Driver: Compiling command(queryId=student_20260911055633_a2e96c91-c9ed-4ca0-a130-873921f4739b): 


SELECT COUNT(*) AS total_orders
FROM streaming_orders
2026-09-11 05:56:33,575 INFO  [b96696e3-d32e-4782-97ab-8625365df1ab main] ql.Driver: Concurrency mode is disabled, not creating a lock manager
2026-09-11 05:56:33,575 INFO  [b96696e3-d32e-4782-97ab-8625365df1ab main] parse.CalcitePlanner: Starting Semantic Analysis
2026-09-11 05:56:33,581 INFO  [b96696e3-d32e-4782-97ab-8625365df1ab main] parse.CalcitePlanner: Completed phase 1 of Semantic Analysis
2026-09-11 05:56:33,581 INFO  [b96696e3-d32e-4782-97ab-8625365df1ab main] parse.CalcitePlanner: Get metadata for source tables
2026-09-11 05:56:33,581 INFO  [b96696e3-d32e-4782-97ab-8625365df1ab main] metastore.HiveMetaStore: 0: get_table : tbl=hive.ecommerce_dw.streaming_orders
2026-09-11 05:56:33,582 INFO  [b96696e3-d32e-4782-97ab-8625365df1ab main] HiveMetaStore.audit: ugi=student	ip=unknown-ip-addr	cmd=get_table : tbl=hive.ecommerce_dw.streaming_orders	
2026-09-11 05:56:33,605 INFO  [b96696e3-d32e-4782-97ab-8625365df1ab main] parse.CalcitePlanner: Get metadata for subqueries
2026-09-11 05:56:33,605 INFO  [b96696e3-d32e-4782-97ab-8625365df1ab main] parse.CalcitePlanner: Get metadata for destination tables
2026-09-11 05:56:33,657 INFO  [b96696e3-d32e-4782-97ab-8625365df1ab main] ql.Context: New scratch dir is hdfs://localhost:9000/tmp/student/b96696e3-d32e-4782-97ab-8625365df1ab/hive_2026-09-11_05-56-33_572_1351984129758775239-1
2026-09-11 05:56:33,659 INFO  [b96696e3-d32e-4782-97ab-8625365df1ab main] parse.CalcitePlanner: Completed getting MetaData in Semantic Analysis
2026-09-11 05:56:33,666 INFO  [b96696e3-d32e-4782-97ab-8625365df1ab main] results.QueryResultsCache: Initializing query results cache at /tmp/hive/_resultscache_
2026-09-11 05:56:33,680 INFO  [b96696e3-d32e-4782-97ab-8625365df1ab main] results.QueryResultsCache: Query results cache: cacheDirectory /tmp/hive/_resultscache_/results-7998b9cb-96e1-45f5-8c3a-e41a404d9276, maxCacheSize 2147483648, maxEntrySize 10485760, maxEntryLifetime 3600000
2026-09-11 05:56:34,459 INFO  [b96696e3-d32e-4782-97ab-8625365df1ab main] metastore.HiveMetaStore: 0: get_not_null_constraints : tbl=hive.ecommerce_dw.streaming_orders
2026-09-11 05:56:34,459 INFO  [b96696e3-d32e-4782-97ab-8625365df1ab main] HiveMetaStore.audit: ugi=student	ip=unknown-ip-addr	cmd=get_not_null_constraints : tbl=hive.ecommerce_dw.streaming_orders	
2026-09-11 05:56:34,465 INFO  [b96696e3-d32e-4782-97ab-8625365df1ab main] metastore.HiveMetaStore: 0: get_primary_keys : tbl=hive.ecommerce_dw.streaming_orders
2026-09-11 05:56:34,465 INFO  [b96696e3-d32e-4782-97ab-8625365df1ab main] HiveMetaStore.audit: ugi=student	ip=unknown-ip-addr	cmd=get_primary_keys : tbl=hive.ecommerce_dw.streaming_orders	
2026-09-11 05:56:34,472 INFO  [b96696e3-d32e-4782-97ab-8625365df1ab main] metastore.HiveMetaStore: 0: get_primary_keys : tbl=hive.ecommerce_dw.streaming_orders
2026-09-11 05:56:34,472 INFO  [b96696e3-d32e-4782-97ab-8625365df1ab main] HiveMetaStore.audit: ugi=student	ip=unknown-ip-addr	cmd=get_primary_keys : tbl=hive.ecommerce_dw.streaming_orders	
2026-09-11 05:56:34,474 INFO  [b96696e3-d32e-4782-97ab-8625365df1ab main] metastore.HiveMetaStore: 0: get_unique_constraints : tbl=hive.ecommerce_dw.streaming_orders
2026-09-11 05:56:34,474 INFO  [b96696e3-d32e-4782-97ab-8625365df1ab main] HiveMetaStore.audit: ugi=student	ip=unknown-ip-addr	cmd=get_unique_constraints : tbl=hive.ecommerce_dw.streaming_orders	
2026-09-11 05:56:34,478 INFO  [b96696e3-d32e-4782-97ab-8625365df1ab main] metastore.HiveMetaStore: 0: get_foreign_keys : parentdb=null parenttbl=null foreigndb=ecommerce_dw foreigntbl=streaming_orders
2026-09-11 05:56:34,478 INFO  [b96696e3-d32e-4782-97ab-8625365df1ab main] HiveMetaStore.audit: ugi=student	ip=unknown-ip-addr	cmd=get_foreign_keys : parentdb=null parenttbl=null foreigndb=ecommerce_dw foreigntbl=streaming_orders	
2026-09-11 05:56:35,242 INFO  [b96696e3-d32e-4782-97ab-8625365df1ab main] metastore.HiveMetaStore: 0: get_databases: @hive#
2026-09-11 05:56:35,242 INFO  [b96696e3-d32e-4782-97ab-8625365df1ab main] HiveMetaStore.audit: ugi=student	ip=unknown-ip-addr	cmd=get_databases: @hive#	
2026-09-11 05:56:35,250 INFO  [b96696e3-d32e-4782-97ab-8625365df1ab main] metastore.HiveMetaStore: 0: get_materialized_views_for_rewriting: db=@hive#default
2026-09-11 05:56:35,250 INFO  [b96696e3-d32e-4782-97ab-8625365df1ab main] HiveMetaStore.audit: ugi=student	ip=unknown-ip-addr	cmd=get_materialized_views_for_rewriting: db=@hive#default	
2026-09-11 05:56:35,257 INFO  [b96696e3-d32e-4782-97ab-8625365df1ab main] metastore.HiveMetaStore: 0: get_materialized_views_for_rewriting: db=@hive#ecommerce_dw
2026-09-11 05:56:35,258 INFO  [b96696e3-d32e-4782-97ab-8625365df1ab main] HiveMetaStore.audit: ugi=student	ip=unknown-ip-addr	cmd=get_materialized_views_for_rewriting: db=@hive#ecommerce_dw	
2026-09-11 05:56:35,291 INFO  [b96696e3-d32e-4782-97ab-8625365df1ab main] parse.CalcitePlanner: Get metadata for source tables
2026-09-11 05:56:35,291 INFO  [b96696e3-d32e-4782-97ab-8625365df1ab main] metastore.HiveMetaStore: 0: get_table : tbl=hive.ecommerce_dw.streaming_orders
2026-09-11 05:56:35,291 INFO  [b96696e3-d32e-4782-97ab-8625365df1ab main] HiveMetaStore.audit: ugi=student	ip=unknown-ip-addr	cmd=get_table : tbl=hive.ecommerce_dw.streaming_orders	
2026-09-11 05:56:35,309 INFO  [b96696e3-d32e-4782-97ab-8625365df1ab main] parse.CalcitePlanner: Get metadata for subqueries
2026-09-11 05:56:35,309 INFO  [b96696e3-d32e-4782-97ab-8625365df1ab main] parse.CalcitePlanner: Get metadata for destination tables
2026-09-11 05:56:35,317 INFO  [b96696e3-d32e-4782-97ab-8625365df1ab main] ql.Context: New scratch dir is hdfs://localhost:9000/tmp/student/b96696e3-d32e-4782-97ab-8625365df1ab/hive_2026-09-11_05-56-33_572_1351984129758775239-1
2026-09-11 05:56:35,358 INFO  [b96696e3-d32e-4782-97ab-8625365df1ab main] common.FileUtils: Creating directory if it doesn't exist: hdfs://localhost:9000/tmp/student/b96696e3-d32e-4782-97ab-8625365df1ab/hive_2026-09-11_05-56-33_572_1351984129758775239-1/-mr-10001/.hive-staging_hive_2026-09-11_05-56-33_572_1351984129758775239-1
2026-09-11 05:56:35,405 INFO  [b96696e3-d32e-4782-97ab-8625365df1ab main] parse.CalcitePlanner: CBO Succeeded; optimized logical plan.
2026-09-11 05:56:35,429 INFO  [b96696e3-d32e-4782-97ab-8625365df1ab main] ppd.OpProcFactory: Processing for FS(6)
2026-09-11 05:56:35,429 INFO  [b96696e3-d32e-4782-97ab-8625365df1ab main] ppd.OpProcFactory: Processing for SEL(5)
2026-09-11 05:56:35,429 INFO  [b96696e3-d32e-4782-97ab-8625365df1ab main] ppd.OpProcFactory: Processing for GBY(4)
2026-09-11 05:56:35,429 INFO  [b96696e3-d32e-4782-97ab-8625365df1ab main] ppd.OpProcFactory: Processing for RS(3)
2026-09-11 05:56:35,429 INFO  [b96696e3-d32e-4782-97ab-8625365df1ab main] ppd.OpProcFactory: Processing for GBY(2)
2026-09-11 05:56:35,429 INFO  [b96696e3-d32e-4782-97ab-8625365df1ab main] ppd.OpProcFactory: Processing for SEL(1)
2026-09-11 05:56:35,429 INFO  [b96696e3-d32e-4782-97ab-8625365df1ab main] ppd.OpProcFactory: Processing for TS(0)
2026-09-11 05:56:35,445 INFO  [b96696e3-d32e-4782-97ab-8625365df1ab main] optimizer.ColumnPrunerProcFactory: RS 3 oldColExprMap: {VALUE._col0=Column[_col0]}
2026-09-11 05:56:35,445 INFO  [b96696e3-d32e-4782-97ab-8625365df1ab main] optimizer.ColumnPrunerProcFactory: RS 3 newColExprMap: {VALUE._col0=Column[_col0]}
2026-09-11 05:56:35,461 INFO  [b96696e3-d32e-4782-97ab-8625365df1ab main] optimizer.StatsOptimizer: Table streaming_orders is external. Skip StatsOptimizer.
2026-09-11 05:56:35,561 INFO  [b96696e3-d32e-4782-97ab-8625365df1ab main] physical.Vectorizer: Examining input format to see if vectorization is enabled.
2026-09-11 05:56:35,571 INFO  [b96696e3-d32e-4782-97ab-8625365df1ab main] physical.Vectorizer: Vectorization is enabled for input format(s) [org.apache.hadoop.hive.ql.io.parquet.MapredParquetInputFormat]
2026-09-11 05:56:35,571 INFO  [b96696e3-d32e-4782-97ab-8625365df1ab main] physical.Vectorizer: Validating and vectorizing MapWork... (vectorizedVertexNum 0)
2026-09-11 05:56:35,596 INFO  [b96696e3-d32e-4782-97ab-8625365df1ab main] physical.Vectorizer: Vector GROUP BY operator will use processing mode HASH
2026-09-11 05:56:35,612 INFO  [b96696e3-d32e-4782-97ab-8625365df1ab main] physical.Vectorizer: Map vectorization enabled: true
2026-09-11 05:56:35,612 INFO  [b96696e3-d32e-4782-97ab-8625365df1ab main] physical.Vectorizer: Map vectorized: true
2026-09-11 05:56:35,612 INFO  [b96696e3-d32e-4782-97ab-8625365df1ab main] physical.Vectorizer: Map vectorizedVertexNum: 0
2026-09-11 05:56:35,612 INFO  [b96696e3-d32e-4782-97ab-8625365df1ab main] physical.Vectorizer: Map enabledConditionsMet: [hive.vectorized.use.vectorized.input.format IS true]
2026-09-11 05:56:35,612 INFO  [b96696e3-d32e-4782-97ab-8625365df1ab main] physical.Vectorizer: Map inputFileFormatClassNameSet: [org.apache.hadoop.hive.ql.io.parquet.MapredParquetInputFormat]
2026-09-11 05:56:35,612 INFO  [b96696e3-d32e-4782-97ab-8625365df1ab main] physical.Vectorizer: Reduce vectorization enabled: false
2026-09-11 05:56:35,612 INFO  [b96696e3-d32e-4782-97ab-8625365df1ab main] physical.Vectorizer: Reduce vectorized: false
2026-09-11 05:56:35,612 INFO  [b96696e3-d32e-4782-97ab-8625365df1ab main] physical.Vectorizer: Reduce vectorizedVertexNum: 1
2026-09-11 05:56:35,612 INFO  [b96696e3-d32e-4782-97ab-8625365df1ab main] physical.Vectorizer: Reducer hive.vectorized.execution.reduce.enabled: true
2026-09-11 05:56:35,612 INFO  [b96696e3-d32e-4782-97ab-8625365df1ab main] physical.Vectorizer: Reducer engine: mr
2026-09-11 05:56:35,627 INFO  [b96696e3-d32e-4782-97ab-8625365df1ab main] parse.CalcitePlanner: Completed plan generation
2026-09-11 05:56:35,628 INFO  [b96696e3-d32e-4782-97ab-8625365df1ab main] parse.CalcitePlanner: Not eligible for results caching - ecommerce_dw.streaming_orders is an external table
2026-09-11 05:56:35,628 INFO  [b96696e3-d32e-4782-97ab-8625365df1ab main] ql.Driver: Semantic Analysis Completed (retrial = false)
2026-09-11 05:56:35,628 INFO  [b96696e3-d32e-4782-97ab-8625365df1ab main] ql.Driver: Returning Hive schema: Schema(fieldSchemas:[FieldSchema(name:total_orders, type:bigint, comment:null)], properties:null)
2026-09-11 05:56:35,635 INFO  [b96696e3-d32e-4782-97ab-8625365df1ab main] exec.ListSinkOperator: Initializing operator LIST_SINK[10]
2026-09-11 05:56:35,642 INFO  [b96696e3-d32e-4782-97ab-8625365df1ab main] ql.Driver: Completed compiling command(queryId=student_20260911055633_a2e96c91-c9ed-4ca0-a130-873921f4739b); Time taken: 2.089 seconds
2026-09-11 05:56:35,643 INFO  [b96696e3-d32e-4782-97ab-8625365df1ab main] reexec.ReExecDriver: Execution #1 of query
2026-09-11 05:56:35,643 INFO  [b96696e3-d32e-4782-97ab-8625365df1ab main] ql.Driver: Concurrency mode is disabled, not creating a lock manager
2026-09-11 05:56:35,643 INFO  [b96696e3-d32e-4782-97ab-8625365df1ab main] ql.Driver: Executing command(queryId=student_20260911055633_a2e96c91-c9ed-4ca0-a130-873921f4739b): 


SELECT COUNT(*) AS total_orders
FROM streaming_orders
2026-09-11 05:56:35,643 WARN  [b96696e3-d32e-4782-97ab-8625365df1ab main] ql.Driver: Hive-on-MR is deprecated in Hive 2 and may not be available in the future versions. Consider using a different execution engine (i.e. spark, tez) or using Hive 1.X releases.
Query ID = student_20260911055633_a2e96c91-c9ed-4ca0-a130-873921f4739b
2026-09-11 05:56:35,643 INFO  [b96696e3-d32e-4782-97ab-8625365df1ab main] ql.Driver: Query ID = student_20260911055633_a2e96c91-c9ed-4ca0-a130-873921f4739b
Total jobs = 1
2026-09-11 05:56:35,643 INFO  [b96696e3-d32e-4782-97ab-8625365df1ab main] ql.Driver: Total jobs = 1
Launching Job 1 out of 1
2026-09-11 05:56:35,653 INFO  [b96696e3-d32e-4782-97ab-8625365df1ab main] ql.Driver: Launching Job 1 out of 1
2026-09-11 05:56:35,666 INFO  [b96696e3-d32e-4782-97ab-8625365df1ab main] ql.Driver: Starting task [Stage-1:MAPRED] in serial mode
Number of reduce tasks determined at compile time: 1
2026-09-11 05:56:35,666 INFO  [b96696e3-d32e-4782-97ab-8625365df1ab main] exec.Task: Number of reduce tasks determined at compile time: 1
In order to change the average load for a reducer (in bytes):
2026-09-11 05:56:35,666 INFO  [b96696e3-d32e-4782-97ab-8625365df1ab main] exec.Task: In order to change the average load for a reducer (in bytes):
  set hive.exec.reducers.bytes.per.reducer=<number>
2026-09-11 05:56:35,666 INFO  [b96696e3-d32e-4782-97ab-8625365df1ab main] exec.Task:   set hive.exec.reducers.bytes.per.reducer=<number>
In order to limit the maximum number of reducers:
2026-09-11 05:56:35,666 INFO  [b96696e3-d32e-4782-97ab-8625365df1ab main] exec.Task: In order to limit the maximum number of reducers:
  set hive.exec.reducers.max=<number>
2026-09-11 05:56:35,666 INFO  [b96696e3-d32e-4782-97ab-8625365df1ab main] exec.Task:   set hive.exec.reducers.max=<number>
In order to set a constant number of reducers:
2026-09-11 05:56:35,666 INFO  [b96696e3-d32e-4782-97ab-8625365df1ab main] exec.Task: In order to set a constant number of reducers:
  set mapreduce.job.reduces=<number>
2026-09-11 05:56:35,666 INFO  [b96696e3-d32e-4782-97ab-8625365df1ab main] exec.Task:   set mapreduce.job.reduces=<number>
2026-09-11 05:56:35,667 INFO  [b96696e3-d32e-4782-97ab-8625365df1ab main] ql.Context: New scratch dir is hdfs://localhost:9000/tmp/student/b96696e3-d32e-4782-97ab-8625365df1ab/hive_2026-09-11_05-56-33_572_1351984129758775239-1
2026-09-11 05:56:35,683 INFO  [b96696e3-d32e-4782-97ab-8625365df1ab main] mr.ExecDriver: Using org.apache.hadoop.hive.ql.io.CombineHiveInputFormat
2026-09-11 05:56:35,689 INFO  [b96696e3-d32e-4782-97ab-8625365df1ab main] exec.Utilities: Processing alias streaming_orders
2026-09-11 05:56:35,689 INFO  [b96696e3-d32e-4782-97ab-8625365df1ab main] exec.Utilities: Adding 1 inputs; the first input is hdfs://localhost:9000/user/hive/warehouse/ecommerce_dw.db/streaming_orders
2026-09-11 05:56:35,748 INFO  [b96696e3-d32e-4782-97ab-8625365df1ab main] ql.Context: New scratch dir is hdfs://localhost:9000/tmp/student/b96696e3-d32e-4782-97ab-8625365df1ab/hive_2026-09-11_05-56-33_572_1351984129758775239-1
2026-09-11 05:56:35,914 INFO  [b96696e3-d32e-4782-97ab-8625365df1ab main] exec.SerializationUtilities: Serializing MapWork using kryo
2026-09-11 05:56:36,127 INFO  [b96696e3-d32e-4782-97ab-8625365df1ab main] Configuration.deprecation: mapred.submit.replication is deprecated. Instead, use mapreduce.client.submit.file.replication
2026-09-11 05:56:36,146 INFO  [b96696e3-d32e-4782-97ab-8625365df1ab main] exec.Utilities: Serialized plan (via FILE) - name: null size: 6.88KB
2026-09-11 05:56:36,154 INFO  [b96696e3-d32e-4782-97ab-8625365df1ab main] exec.SerializationUtilities: Serializing ReduceWork using kryo
2026-09-11 05:56:36,199 INFO  [b96696e3-d32e-4782-97ab-8625365df1ab main] exec.Utilities: Serialized plan (via FILE) - name: null size: 6.73KB
2026-09-11 05:56:36,304 INFO  [b96696e3-d32e-4782-97ab-8625365df1ab main] client.DefaultNoHARMFailoverProxyProvider: Connecting to ResourceManager at /0.0.0.0:8032
2026-09-11 05:56:36,634 INFO  [b96696e3-d32e-4782-97ab-8625365df1ab main] client.DefaultNoHARMFailoverProxyProvider: Connecting to ResourceManager at /0.0.0.0:8032
2026-09-11 05:56:36,650 INFO  [b96696e3-d32e-4782-97ab-8625365df1ab main] exec.Utilities: PLAN PATH = hdfs://localhost:9000/tmp/student/b96696e3-d32e-4782-97ab-8625365df1ab/hive_2026-09-11_05-56-33_572_1351984129758775239-1/-mr-10005/c015dba6-fa5b-4770-b048-6d28ec439ea3/map.xml
2026-09-11 05:56:36,650 INFO  [b96696e3-d32e-4782-97ab-8625365df1ab main] exec.Utilities: PLAN PATH = hdfs://localhost:9000/tmp/student/b96696e3-d32e-4782-97ab-8625365df1ab/hive_2026-09-11_05-56-33_572_1351984129758775239-1/-mr-10005/c015dba6-fa5b-4770-b048-6d28ec439ea3/reduce.xml
2026-09-11 05:56:36,874 WARN  [b96696e3-d32e-4782-97ab-8625365df1ab main] mapreduce.JobResourceUploader: Hadoop command-line option parsing not performed. Implement the Tool interface and execute your application with ToolRunner to remedy this.
2026-09-11 05:56:36,895 INFO  [b96696e3-d32e-4782-97ab-8625365df1ab main] mapreduce.JobResourceUploader: Disabling Erasure Coding for path: /tmp/hadoop-yarn/staging/student/.staging/job_1789072689079_0002
2026-09-11 05:56:37,659 INFO  [b96696e3-d32e-4782-97ab-8625365df1ab main] exec.Utilities: PLAN PATH = hdfs://localhost:9000/tmp/student/b96696e3-d32e-4782-97ab-8625365df1ab/hive_2026-09-11_05-56-33_572_1351984129758775239-1/-mr-10005/c015dba6-fa5b-4770-b048-6d28ec439ea3/map.xml
2026-09-11 05:56:37,659 INFO  [b96696e3-d32e-4782-97ab-8625365df1ab main] io.CombineHiveInputFormat: Total number of paths: 1, launching 1 threads to check non-combinable ones.
2026-09-11 05:56:37,670 INFO  [b96696e3-d32e-4782-97ab-8625365df1ab main] io.CombineHiveInputFormat: CombineHiveInputSplit creating pool for hdfs://localhost:9000/user/hive/warehouse/ecommerce_dw.db/streaming_orders; using filter path hdfs://localhost:9000/user/hive/warehouse/ecommerce_dw.db/streaming_orders
2026-09-11 05:56:37,784 INFO  [b96696e3-d32e-4782-97ab-8625365df1ab main] input.FileInputFormat: Total input files to process : 598
2026-09-11 05:56:37,867 INFO  [b96696e3-d32e-4782-97ab-8625365df1ab main] io.CombineHiveInputFormat: number of splits 1
2026-09-11 05:56:37,867 INFO  [b96696e3-d32e-4782-97ab-8625365df1ab main] io.CombineHiveInputFormat: Number of all splits 1
2026-09-11 05:56:38,376 INFO  [b96696e3-d32e-4782-97ab-8625365df1ab main] mapreduce.JobSubmitter: number of splits:1
2026-09-11 05:56:38,402 INFO  [b96696e3-d32e-4782-97ab-8625365df1ab main] Configuration.deprecation: yarn.resourcemanager.system-metrics-publisher.enabled is deprecated. Instead, use yarn.system-metrics-publisher.enabled
2026-09-11 05:56:38,873 INFO  [b96696e3-d32e-4782-97ab-8625365df1ab main] mapreduce.JobSubmitter: Submitting tokens for job: job_1789072689079_0002
2026-09-11 05:56:38,873 INFO  [b96696e3-d32e-4782-97ab-8625365df1ab main] mapreduce.JobSubmitter: Executing with tokens: []
2026-09-11 05:56:39,104 INFO  [b96696e3-d32e-4782-97ab-8625365df1ab main] conf.Configuration: resource-types.xml not found
2026-09-11 05:56:39,105 INFO  [b96696e3-d32e-4782-97ab-8625365df1ab main] resource.ResourceUtils: Unable to find 'resource-types.xml'.
2026-09-11 05:56:39,209 INFO  [b96696e3-d32e-4782-97ab-8625365df1ab main] impl.YarnClientImpl: Submitted application application_1789072689079_0002
2026-09-11 05:56:39,263 INFO  [b96696e3-d32e-4782-97ab-8625365df1ab main] mapreduce.Job: The url to track the job: http://10.0.2.15:8088/proxy/application_1789072689079_0002/
Starting Job = job_1789072689079_0002, Tracking URL = http://10.0.2.15:8088/proxy/application_1789072689079_0002/
2026-09-11 05:56:39,266 INFO  [b96696e3-d32e-4782-97ab-8625365df1ab main] exec.Task: Starting Job = job_1789072689079_0002, Tracking URL = http://10.0.2.15:8088/proxy/application_1789072689079_0002/
Kill Command = /home/hadoop/hadoop/bin/mapred job  -kill job_1789072689079_0002
2026-09-11 05:56:39,267 INFO  [b96696e3-d32e-4782-97ab-8625365df1ab main] exec.Task: Kill Command = /home/hadoop/hadoop/bin/mapred job  -kill job_1789072689079_0002
Hadoop job information for Stage-1: number of mappers: 1; number of reducers: 1
2026-09-11 05:56:46,549 INFO  [b96696e3-d32e-4782-97ab-8625365df1ab main] exec.Task: Hadoop job information for Stage-1: number of mappers: 1; number of reducers: 1
2026-09-11 05:56:46,600 WARN  [b96696e3-d32e-4782-97ab-8625365df1ab main] mapreduce.Counters: Group org.apache.hadoop.mapred.Task$Counter is deprecated. Use org.apache.hadoop.mapreduce.TaskCounter instead
2026-09-11 05:56:46,594 Stage-1 map = 0%,  reduce = 0%
2026-09-11 05:56:46,601 INFO  [b96696e3-d32e-4782-97ab-8625365df1ab main] exec.Task: 2026-09-11 05:56:46,594 Stage-1 map = 0%,  reduce = 0%
2026-09-11 05:57:47,262 WARN  [b96696e3-d32e-4782-97ab-8625365df1ab main] mapreduce.Counters: Group org.apache.hadoop.mapred.Task$Counter is deprecated. Use org.apache.hadoop.mapreduce.TaskCounter instead
2026-09-11 05:57:47,261 Stage-1 map = 0%,  reduce = 0%
2026-09-11 05:57:47,262 INFO  [b96696e3-d32e-4782-97ab-8625365df1ab main] exec.Task: 2026-09-11 05:57:47,261 Stage-1 map = 0%,  reduce = 0%
2026-09-11 05:58:18,015 WARN  [b96696e3-d32e-4782-97ab-8625365df1ab main] mapreduce.Counters: Group org.apache.hadoop.mapred.Task$Counter is deprecated. Use org.apache.hadoop.mapreduce.TaskCounter instead
2026-09-11 05:58:18,015 Stage-1 map = 100%,  reduce = 100%
2026-09-11 05:58:18,015 INFO  [b96696e3-d32e-4782-97ab-8625365df1ab main] exec.Task: 2026-09-11 05:58:18,015 Stage-1 map = 100%,  reduce = 100%
2026-09-11 05:58:20,059 WARN  [b96696e3-d32e-4782-97ab-8625365df1ab main] mapreduce.Counters: Group org.apache.hadoop.mapred.Task$Counter is deprecated. Use org.apache.hadoop.mapreduce.TaskCounter instead
Ended Job = job_1789072689079_0002 with errors
2026-09-11 05:58:20,121 ERROR [b96696e3-d32e-4782-97ab-8625365df1ab main] exec.Task: Ended Job = job_1789072689079_0002 with errors
Error during job, obtaining debugging information...
2026-09-11 05:58:20,124 ERROR [Thread-25] exec.Task: Error during job, obtaining debugging information...
2026-09-11 05:58:20,124 INFO  [Thread-25] Configuration.deprecation: mapred.job.tracker is deprecated. Instead, use mapreduce.jobtracker.address
Examining task ID: task_1789072689079_0002_m_000000 (and more) from job job_1789072689079_0002
2026-09-11 05:58:20,132 ERROR [Thread-26] exec.Task: Examining task ID: task_1789072689079_0002_m_000000 (and more) from job job_1789072689079_0002
2026-09-11 05:58:20,132 WARN  [Thread-26] shims.HadoopShimsSecure: Can't fetch tasklog: TaskLogServlet is not supported in MR2 mode.
2026-09-11 05:58:20,165 WARN  [Thread-26] shims.HadoopShimsSecure: Can't fetch tasklog: TaskLogServlet is not supported in MR2 mode.
2026-09-11 05:58:20,167 WARN  [Thread-26] shims.HadoopShimsSecure: Can't fetch tasklog: TaskLogServlet is not supported in MR2 mode.
2026-09-11 05:58:20,169 WARN  [Thread-26] shims.HadoopShimsSecure: Can't fetch tasklog: TaskLogServlet is not supported in MR2 mode.

Task with the most failures(4): 
-----
Task ID:
  task_1789072689079_0002_m_000000

URL:
  http://0.0.0.0:8088/taskdetails.jsp?jobid=job_1789072689079_0002&tipid=task_1789072689079_0002_m_000000
-----
Diagnostic Messages for this Task:
Error: java.io.IOException: java.lang.reflect.InvocationTargetException
	at org.apache.hadoop.hive.io.HiveIOExceptionHandlerChain.handleRecordReaderCreationException(HiveIOExceptionHandlerChain.java:97)
	at org.apache.hadoop.hive.io.HiveIOExceptionHandlerUtil.handleRecordReaderCreationException(HiveIOExceptionHandlerUtil.java:57)
	at org.apache.hadoop.hive.shims.HadoopShimsSecure$CombineFileRecordReader.initNextRecordReader(HadoopShimsSecure.java:271)
	at org.apache.hadoop.hive.shims.HadoopShimsSecure$CombineFileRecordReader.<init>(HadoopShimsSecure.java:217)
	at org.apache.hadoop.hive.shims.HadoopShimsSecure$CombineFileInputFormatShim.getRecordReader(HadoopShimsSecure.java:345)
	at org.apache.hadoop.hive.ql.io.CombineHiveInputFormat.getRecordReader(CombineHiveInputFormat.java:719)
	at org.apache.hadoop.mapred.MapTask$TrackedRecordReader.<init>(MapTask.java:176)
	at org.apache.hadoop.mapred.MapTask.runOldMapper(MapTask.java:445)
	at org.apache.hadoop.mapred.MapTask.run(MapTask.java:350)
	at org.apache.hadoop.mapred.YarnChild$2.run(YarnChild.java:178)
	at java.security.AccessController.doPrivileged(Native Method)
	at javax.security.auth.Subject.doAs(Subject.java:422)
	at org.apache.hadoop.security.UserGroupInformation.doAs(UserGroupInformation.java:1878)
	at org.apache.hadoop.mapred.YarnChild.main(YarnChild.java:172)
Caused by: java.lang.reflect.InvocationTargetException
	at sun.reflect.NativeConstructorAccessorImpl.newInstance0(Native Method)
	at sun.reflect.NativeConstructorAccessorImpl.newInstance(NativeConstructorAccessorImpl.java:62)
	at sun.reflect.DelegatingConstructorAccessorImpl.newInstance(DelegatingConstructorAccessorImpl.java:45)
	at java.lang.reflect.Constructor.newInstance(Constructor.java:423)
	at org.apache.hadoop.hive.shims.HadoopShimsSecure$CombineFileRecordReader.initNextRecordReader(HadoopShimsSecure.java:257)
	... 11 more
Caused by: java.lang.RuntimeException: org.apache.hadoop.hdfs.BlockMissingException: Could not obtain block: BP-1852854795-127.0.0.1-1627178914058:blk_1073744467_3643 file=/user/hive/warehouse/ecommerce_dw.db/streaming_orders/part-00000-0007a61f-eb74-4194-b040-a1fb73b1206b-c000.snappy.parquet
	at org.apache.hadoop.hive.ql.io.parquet.vector.VectorizedParquetRecordReader.<init>(VectorizedParquetRecordReader.java:156)
	at org.apache.hadoop.hive.ql.io.parquet.VectorizedParquetInputFormat.getRecordReader(VectorizedParquetInputFormat.java:50)
	at org.apache.hadoop.hive.ql.io.parquet.MapredParquetInputFormat.getRecordReader(MapredParquetInputFormat.java:87)
	at org.apache.hadoop.hive.ql.io.CombineHiveRecordReader.<init>(CombineHiveRecordReader.java:99)
	... 16 more
Caused by: org.apache.hadoop.hdfs.BlockMissingException: Could not obtain block: BP-1852854795-127.0.0.1-1627178914058:blk_1073744467_3643 file=/user/hive/warehouse/ecommerce_dw.db/streaming_orders/part-00000-0007a61f-eb74-4194-b040-a1fb73b1206b-c000.snappy.parquet
	at org.apache.hadoop.hdfs.DFSInputStream.refetchLocations(DFSInputStream.java:1007)
	at org.apache.hadoop.hdfs.DFSInputStream.chooseDataNode(DFSInputStream.java:990)
	at org.apache.hadoop.hdfs.DFSInputStream.chooseDataNode(DFSInputStream.java:969)
	at org.apache.hadoop.hdfs.DFSInputStream.blockSeekTo(DFSInputStream.java:677)
	at org.apache.hadoop.hdfs.DFSInputStream.readWithStrategy(DFSInputStream.java:884)
	at org.apache.hadoop.hdfs.DFSInputStream.read(DFSInputStream.java:957)
	at org.apache.hadoop.hdfs.DFSInputStream.read(DFSInputStream.java:804)
	at java.io.FilterInputStream.read(FilterInputStream.java:83)
	at org.apache.parquet.io.DelegatingSeekableInputStream.read(DelegatingSeekableInputStream.java:61)
	at org.apache.parquet.bytes.BytesUtils.readIntLittleEndian(BytesUtils.java:80)
	at org.apache.parquet.hadoop.ParquetFileReader.readFooter(ParquetFileReader.java:520)
	at org.apache.parquet.hadoop.ParquetFileReader.readFooter(ParquetFileReader.java:505)
	at org.apache.parquet.hadoop.ParquetFileReader.readFooter(ParquetFileReader.java:499)
	at org.apache.parquet.hadoop.ParquetFileReader.readFooter(ParquetFileReader.java:448)
	at org.apache.parquet.hadoop.ParquetFileReader.readFooter(ParquetFileReader.java:433)
	at org.apache.hadoop.hive.ql.io.parquet.ParquetRecordReaderBase.getSplit(ParquetRecordReaderBase.java:79)
	at org.apache.hadoop.hive.ql.io.parquet.vector.VectorizedParquetRecordReader.<init>(VectorizedParquetRecordReader.java:149)
	... 19 more


2026-09-11 05:58:20,671 ERROR [Thread-25] exec.Task: 957)
	at org.apache.hadoop.hdfs.DFSInputStream.read(DFSInputStream.java:804)
	at java.io.FilterInputStream.read(FilterInputStream.java:83)
	at org.apache.parquet.io.DelegatingSeekableInputStream.read(DelegatingSeekableInputStream.java:61)
	at org.apache.parquet.bytes.BytesUtils.readIntLittleEndian(BytesUtils.java:80)
	at org.apache.parquet.hadoop.ParquetFileReader.readFooter(ParquetFileReader.java:520)
	at org.apache.parquet.hadoop.ParquetFileReader.readFooter(ParquetFileReader.java:505)
	at org.apache.parquet.hadoop.ParquetFileReader.readFooter(ParquetFileReader.java:499)
	at org.apache.parquet.hadoop.ParquetFileReader.readFooter(ParquetFileReader.java:448)
	at org.apache.parquet.hadoop.ParquetFileReader.readFooter(ParquetFileReader.java:433)
	at org.apache.hadoop.hive.ql.io.parquet.ParquetRecordReaderBase.getSplit(ParquetRecordReaderBase.java:79)
	at org.apache.hadoop.hive.ql.io.parquet.vector.VectorizedParquetRecordReader.<init>(VectorizedParquetRecordReader.java:149)
	... 19 more


2026-09-11 05:58:20,714 INFO  [b96696e3-d32e-4782-97ab-8625365df1ab main] impl.YarnClientImpl: Killed application application_1789072689079_0002
2026-09-11 05:58:20,721 INFO  [b96696e3-d32e-4782-97ab-8625365df1ab main] reexec.ReOptimizePlugin: ReOptimization: retryPossible: false
FAILED: Execution Error, return code 2 from org.apache.hadoop.hive.ql.exec.mr.MapRedTask
2026-09-11 05:58:20,721 ERROR [b96696e3-d32e-4782-97ab-8625365df1ab main] ql.Driver: FAILED: Execution Error, return code 2 from org.apache.hadoop.hive.ql.exec.mr.MapRedTask
MapReduce Jobs Launched: 
2026-09-11 05:58:20,733 INFO  [b96696e3-d32e-4782-97ab-8625365df1ab main] ql.Driver: MapReduce Jobs Launched: 
2026-09-11 05:58:20,738 WARN  [b96696e3-d32e-4782-97ab-8625365df1ab main] mapreduce.Counters: Group FileSystemCounters is deprecated. Use org.apache.hadoop.mapreduce.FileSystemCounter instead
Stage-Stage-1: Map: 1  Reduce: 1   HDFS Read: 0 HDFS Write: 0 FAIL
2026-09-11 05:58:20,739 INFO  [b96696e3-d32e-4782-97ab-8625365df1ab main] ql.Driver: Stage-Stage-1: Map: 1  Reduce: 1   HDFS Read: 0 HDFS Write: 0 FAIL
Total MapReduce CPU Time Spent: 0 msec
2026-09-11 05:58:20,739 INFO  [b96696e3-d32e-4782-97ab-8625365df1ab main] ql.Driver: Total MapReduce CPU Time Spent: 0 msec
2026-09-11 05:58:20,739 INFO  [b96696e3-d32e-4782-97ab-8625365df1ab main] ql.Driver: Completed executing command(queryId=student_20260911055633_a2e96c91-c9ed-4ca0-a130-873921f4739b); Time taken: 105.09 seconds
2026-09-11 05:58:20,739 INFO  [b96696e3-d32e-4782-97ab-8625365df1ab main] ql.Driver: Concurrency mode is disabled, not creating a lock manager
2026-09-11 05:58:20,743 INFO  [b96696e3-d32e-4782-97ab-8625365df1ab main] exec.ListSinkOperator: RECORDS_OUT_OPERATOR_LIST_SINK_10:0, RECORDS_OUT_INTERMEDIATE:0, 
2026-09-11 05:58:20,756 INFO  [b96696e3-d32e-4782-97ab-8625365df1ab main] conf.HiveConf: Using the default value passed in for log id: b96696e3-d32e-4782-97ab-8625365df1ab
2026-09-11 05:58:20,756 INFO  [b96696e3-d32e-4782-97ab-8625365df1ab main] session.SessionState: Resetting thread name to  main
2026-09-11 05:58:20,756 INFO  [main] conf.HiveConf: Using the default value passed in for log id: b96696e3-d32e-4782-97ab-8625365df1ab
2026-09-11 05:58:20,778 INFO  [main] session.SessionState: Deleted directory: /tmp/student/b96696e3-d32e-4782-97ab-8625365df1ab on fs with scheme hdfs
2026-09-11 05:58:20,778 INFO  [main] session.SessionState: Deleted directory: /tmp/student/b96696e3-d32e-4782-97ab-8625365df1ab on fs with scheme file
2026-09-11 05:58:20,811 INFO  [main] metastore.HiveMetaStore: 0: Cleaning up thread local RawStore...
2026-09-11 05:58:20,811 INFO  [main] HiveMetaStore.audit: ugi=student	ip=unknown-ip-addr	cmd=Cleaning up thread local RawStore...	
2026-09-11 05:58:20,811 INFO  [main] metastore.HiveMetaStore: 0: Done cleaning up thread local RawStore
2026-09-11 05:58:20,811 INFO  [main] HiveMetaStore.audit: ugi=student	ip=unknown-ip-addr	cmd=Done cleaning up thread local RawStore	
